time,humidity
1,58.55786896
2,57.24993134
3,56.79413605
4,56.49687576
5,55.7173996
6,55.60840607
7,55.23518372
8,54.89168167
9,54.80911255
10,54.62745285
11,54.30046844
12,54.42928314
13,53.51108551
14,53.5375061
15,53.52099228
16,53.01235199
17,53.52429581
18,53.21712875
19,52.87363052
20,53.0684967
21,52.47728729
22,52.59288788
23,53.028862
24,52.322052
25,52.12718201
26,52.00167084
27,51.64826584
28,51.8001976
29,51.79689407
30,51.20898438
31,50.63428497
32,50.76309967
33,50.43941498
34,50.24124146
35,50.14546204
36,49.81847382
37,49.72930145
38,49.27350616
39,49.08854294
40,48.92670441
41,48.56008148
42,48.58320618
43,48.35530853
44,47.73436737
45,47.98208237
46,47.36774826
47,47.42389679
48,48.47420883
49,49.25698853
50,50.95136261
51,52.77454376
52,54.22450256
53,55.87263489
54,58.31015015
55,59.27128601
56,59.766716
57,61.42475891
58,61.16713333
59,61.37851715
60,61.58659744
61,61.29264069
62,60.89960098
63,61.39503098
64,61.86073303
65,61.3058548
66,61.52053833
67,61.27612686
68,61.12749863
69,60.56931305
70,60.31499481
71,60.86326599
72,60.39096069
73,60.5362854
74,60.43719864
75,59.43312836
76,59.60817719
77,59.72047424
78,59.50909424
79,58.66025543
80,59.14907837
81,59.04338837
82,58.96411896
83,58.61401367
84,58.75603867
85,58.17803955
86,58.07234573
87,57.96334839
88,57.99637985
89,57.95674515
90,57.41177368
91,57.75196838
92,56.88331223
93,56.62568665
94,56.54972076
95,56.09392548
96,56.06420136
97,55.57207489
98,55.73061371
99,55.34748077
100,55.36399078
101,55.37059784
102,55.13939667
103,54.92471313
104,54.54488373
105,54.42597961
106,54.0725708
107,53.72907257
108,54.2013855
109,53.92724609
110,53.69604492
111,53.02225876
112,53.17419052
113,53.34924316
114,52.86372375
115,52.61270142
116,52.17672729
117,52.70188141
118,52.03139877
119,52.09745789
120,51.20898438
121,51.4467926
122,51.18916702
123,51.08016968
124,50.88860321
125,51.41376495
126,50.38326645
127,50.90181732
128,50.23794174
129,50.03316498
130,50.13224792
131,49.79866028
132,49.68305969
133,49.43864441
134,49.38580322
135,49.54764175
136,49.16781235
137,48.89697647
138,48.75164795
139,48.62614059
140,48.56008148
141,48.05474472
142,45.77246094
143,47.77069855
144,47.52628326
145,47.57582855
146,47.27196503
147,47.33141708
148,47.38095856
149,47.24884415
150,46.98461533
151,47.21251297
152,46.9813118
153,47.45362091
154,46.90864944
155,46.8756218
156,47.0341568
157,46.87892151
158,47.40738297
159,46.72038651
160,46.94168091
161,46.3405571
162,46.22165298
163,46.04660034
164,46.35707092
165,46.1192627
166,46.02678299
167,45.61722565
168,45.42896271
169,45.81539917
170,45.65356064
171,44.5140686
172,44.71884918
173,44.93353271
174,44.81793213
175,44.41168213
176,44.39186478
177,44.52728271
178,44.31919861
179,43.85019302
180,44.1738739
181,43.87661743
182,43.64541626
183,43.50669479
184,42.9584198
185,42.91217804
186,43.09383774
187,43.07402039
188,43.05750275
189,42.78667068
190,42.60501099
191,42.34408569
192,41.66369629
193,42.82630539
194,42.83290863
195,42.50592804
196,42.68758392
197,42.30775452
198,42.34408569
199,42.34408569
200,42.26151276
201,42.2549057
202,42.08976364
203,42.12279511
204,42.41674805
205,42.3837204
206,42.06994629
207,41.74626541
208,41.55139923
209,41.34661865
210,40.94366837
211,40.55062866
212,40.32603455
213,40.19391632
214,38.68450928
215,39.91978073
216,39.78436279
217,39.54655457
218,39.37150574
219,38.4268837
220,39.12709045
221,38.49294281
222,38.6085434
223,38.46982193
224,38.41036987
225,37.77952194
226,38.18247223
227,37.8521843
228,37.37657166
229,37.07931137
230,36.29323196
231,36.43855667
232,35.03813934
233,34.47665405
234,33.6344223
235,33.15220261
236,31.65930557
237,29.95502663
238,28.66030121
239,27.46466255
240,26.63564301
241,25.24183273
242,24.35336113
243,25.31119156
244,24.0891304
245,22.74486351
246,21.36756897
247,20.51873016
248,21.06370354
249,19.88127708
250,19.3098793
251,19.28015518
252,20.1190834
253,20.43946075
254,20.18514061
255,18.62618637
256,18.12415123
257,17.4668808
258,18.31241417
259,17.31494904
260,18.23975182
261,18.53701019
262,17.04411316
263,16.5916214
264,16.87896919
265,16.05985832
266,16.56850052
267,15.92444038
268,16.97805595
269,16.04334259
270,16.76667213
271,15.57433605
272,15.62057686
273,15.48515892
274,15.33983326
275,15.13835812
276,16.74685478
277,16.31748199
278,15.37286186
279,15.5280962
280,14.08804512
281,14.93027687
282,14.33906364
283,14.87743092
284,14.96991158
285,14.81467628
286,14.37869835
287,14.50090408
288,14.26309776
289,14.01868629
290,14.50751019
291,15.45873642
292,16.65107155
293,14.48439026
294,14.46787548
295,14.14749718
296,14.62311077
297,14.04841042
298,13.35811234
299,13.23260307
300,14.32254982
301,13.39774704
302,14.45466423
303,13.16984749
304,13.09718513
305,12.95846558
306,13.10048866
307,13.16984749
308,12.63808632
309,12.54890823
310,12.12944412
311,11.93457603
312,12.47294235
313,12.26486206
314,13.15333366
315,12.3738575
316,12.45642853
317,12.66450882
318,12.07990074
319,12.7404747
320,12.64469147
321,12.18229103
322,12.30449677
323,12.38706779
324,12.00393486
325,11.92136383
326,11.83218575
327,11.50850487
328,12.35404015
329,12.00393486
330,12.11953545
331,11.47217369
332,11.8255806
333,12.39037132
334,11.86191177
335,12.40358353
336,11.8255806
337,12.69093323
338,11.91145515
339,11.42593384
340,11.15840149
341,11.19473267
342,11.36648178
343,11.15179634
344,11.33345413
345,11.49859619
346,11.20133781
347,11.21785355
348,9.516876221
349,11.11876678
350,10.93050385
351,11.30702972
352,11.0031662
353,11.0295887
354,11.32024193
355,10.65636444
356,10.82150841
357,11.06261826
358,11.43584251
359,10.99656105
360,11.3037281
361,11.84209442
362,11.16170502
363,11.63071251
364,11.07583046
365,10.9899559
366,11.13858414
367,10.51103973
368,10.74884605
369,10.67948532
370,10.53746223
371,10.67618179
372,10.20056915
373,10.39874077
374,10.56718826
375,9.675413132
376,9.919826508
377,10.32607841
378,10.16093445
379,9.579629898
380,9.315401077
381,12.10632515
382,9.569721222
383,9.179983139
384,9.391366959
385,8.882724762
386,9.530086517
387,8.998325348
388,8.935571671
389,8.628404617
390,8.562347412
391,8.598678589
392,8.595375061
393,8.30802536
394,8.426929474
395,8.294815063
396,8.697763443
397,8.67464447
398,8.324541092
399,8.704370499
400,8.17591095
401,8.166002274
402,8.426929474
403,7.905075073
404,7.908378601
405,7.604515076
406,7.505428314
407,7.115690231
408,7.049633026
409,7.06284523
410,6.864671707
411,6.392362595
412,6.2239151
413,5.768119812
414,5.913446426
415,6.669803619
416,6.299880981
417,6.511264801
418,6.029047012
419,6.124830246
420,6.022441864
421,5.98610878
422,6.326305389
423,6.342819214
424,6.250339508
425,6.540990829
426,6.095104218
427,6.240430832
428,5.959686279
429,5.946474075
430,5.223146439
431,5.490678787
432,5.867206573
433,5.602975845
434,5.920051575
435,5.688850403
436,5.66573143
437,5.662427902
438,6.048864365
439,5.53691864
440,5.434530258
441,5.847389221
442,6.068681717
443,5.787937164
444,5.688850403
445,6.042257309
446,5.77142334
447,6.124830246
448,6.019138336
449,5.209936142
450,5.133970261
451,5.256175995
452,5.705366135
453,5.655822754
454,5.470861435
455,5.77142334
456,5.289203644
457,5.791240692
458,5.460952759
459,5.500587463
460,5.616188049
461,5.682245255
462,5.781332016
463,5.685548782
464,5.497283936
465,5.649217606
466,5.817663193
467,5.705366135
468,5.53691864
469,5.735092163
470,5.626096725
471,5.295810699
472,5.312324524
473,5.418016434
474,5.520404816
475,5.464256287
476,5.394895554
477,5.351959229
478,3.551895142
479,5.107545853
480,5.173603058
481,5.077819824
482,4.998552322
483,5.011762619
484,4.982036591
485,5.058002472
486,4.972127914
487,4.912677765
488,5.091032028
489,4.939100266
490,4.724412918
491,4.882951736
492,4.668264389
493,4.562572479
494,4.707899094
495,5.015066147
496,4.605510712
497,4.252103806
498,4.63523674
499,4.380914688
500,4.605510712
501,4.304948807
502,4.536149979
503,4.450275421
504,4.195955276
505,4.615419388
506,4.413944244
507,4.420549393
508,4.882951736
509,4.681476593
510,4.648447037
511,4.588996887
512,4.82349968
513,4.793773651
514,4.371006012
515,4.337978363
516,4.298343658
517,4.215772629
518,3.974662781
519,4.618721008
520,4.176137924
521,3.44950676
522,4.083656311
523,3.971359253
524,3.991176605
525,3.951541901
526,3.944936752
527,4.017599106
528,3.789701462
529,3.882183075
530,3.888788223
531,4.103473663
532,3.935028076
533,4.03081131
534,3.779792786
535,4.129898071
536,3.931724548
537,4.05723381
538,4.05723381
539,3.859062195
540,4.044023514
541,3.839244843
542,3.938331604
543,3.548591614
544,3.759975433
545,3.855758667
546,3.991176605
547,3.753370285
548,3.647678375
549,3.885484695
550,3.482534409
551,3.528776169
552,3.885484695
553,3.617952347
554,3.44950676
555,3.251335144
556,2.831869125
557,3.347118378
558,3.271150589
559,3.165460587
560,3.310785294
561,3.175369263
562,3.023435593
563,2.76581192
564,2.954076767
565,2.362863541
566,2.640304565
567,2.759206772
568,2.874807358
569,2.802145004
570,2.402496338
571,2.907836914
572,2.980499268
573,2.610578537
574,2.815355301
575,2.564336777
576,2.504886627
577,2.653514862
578,2.769115448
579,2.673332214
580,2.270381927
581,2.267080307
582,2.29019928
583,2.121753693
584,2.154781342
585,2.167993546
586,2.283594131
587,2.369468689
588,2.177902222
589,2.270381927
590,2.967287064
591,2.032575607
592,2.270381927
593,2.197719574
594,1.83770752
595,1.804677963
596,1.844312668
597,1.986335754
598,1.778255463
599,1.887248993
600,1.689077377
601,1.695682526
602,1.302642822
603,1.847614288
604,1.827798843
605,1.685773849
606,1.807981491
607,1.94670105
608,2.253868103
609,1.58008194
610,1.900461197
611,1.685773849
612,1.550357819
613,1.566871643
614,1.527236938
615,1.685773849
616,1.167224884
617,1.589990616
618,1.193647385
619,1.682472229
620,1.348882675
621,1.378608704
622,1.266309738
623,1.457876205
624,1.451271057
625,1.408332825
626,1.405031204
627,1.292734146
628,1.210161209
629,1.49751091
630,1.289430618
631,1.229978561
632,1.097864151
633,1.074743271
634,1.038412094
635,1.302642822
636,1.302642822
637,0.780788422
638,1.1308918
639,1.137498856
640,1.068138123
641,0.651977539
642,0.840240479
643,1.23658371
644,0.985567093
645,0.830331802
646,1.167224884
647,0.754365921
648,1.061532974
649,0.298570633
650,0.718034744
651,0.876571655
652,0.912902832
653,1.038412094
654,0.754365921
655,0.912902832
656,0.618947983
657,0.377838135
658,0.889783859
659,0.737852097
660,0.714731216
661,0.794000626
662,1.101167679
663,0.906297684
664,0.585920334
665,0.800605774
666,0.447198868
667,0.450502396
668,0.295267105
669,0.589221954
670,0.186271668
671,0.605735779
672,0.493438721
673,0.566102982
674,0.331598282
675,0.523164749
676,0.503347397
677,0.57270813
678,0.618947983
679,0.486833572
680,0.31178093
681,0.140031815
682,0.179666519
683,0.067369461
684,0.387746811
685,0.120214462
686,0.328296661
687,0.476924896
688,0.073974609
689,0.202787399
690,-0.061443329
691,0.087186813
692,0.245723724
693,0.404262543
694,0.219301224
695,-0.203466415
696,-0.104379654
697,-0.249706268
698,0.526468277
699,0.064065933
700,0.021129608
701,0.037643433
702,-0.0052948
703,-0.210071564
704,-0.081260681
705,-0.144014359
706,-0.087865829
707,-0.210071564
708,0.01782608
709,-0.299249649
710,0.080579758
711,-0.573387146
712,0.189575195
713,-0.104379654
714,-0.058139801
715,-0.35209465
716,-0.0052948
717,-0.193557739
718,-0.32567215
719,-0.603113174
720,-0.319067001
721,-0.421455383
722,-0.35209465
723,-0.434667587
724,-0.279432297
725,-0.269523621
726,-0.319067001
727,-0.332277298
728,-0.556873322
729,-0.66917038
730,-0.467695236
731,-0.428060532
732,-0.619626999
733,-0.708805084
734,-0.636142731
735,-0.474300385
736,-0.814496994
737,-0.682382584
738,-0.494117737
739,-0.827709198
740,-0.632839203
741,-0.517238617
742,-0.603113174
743,-0.794679642
744,-0.748439789
745,-0.738531113
746,-0.755044937
747,-0.682382584
748,-1.03578949
749,-0.632839203
750,-0.682382584
751,-0.672473908
752,-0.715410233
753,-1.131572723
754,-0.847524643
755,-0.82440567
756,-0.857433319
757,-0.93009758
758,-0.926794052
759,-1.095239639
760,-0.741832733
761,-0.963125229
762,-0.642747879
763,-0.854131699
764,-0.731925964
765,-1.042394638
766,-0.923490524
767,-0.982942581
768,-1.233961105
769,-1.339653015
770,-0.837615967
771,-0.890462875
772,-1.128269196
773,-1.174509048
774,-0.827709198
775,-0.989549637
776,-1.309926987
777,-1.095239639
778,-0.834314346
779,-0.82440567
780,-1.191022873
781,-1.171207428
782,-1.154691696
783,-1.134874344
784,-1.022577286
785,-1.06221199
786,-1.240566254
787,-1.032485962
788,-1.243869781
789,-1.214143753
790,-1.174509048
791,-1.220748901
792,-1.415618896
793,-1.03909111
794,-1.078725815
795,-1.349561691
796,-0.959823608
797,-1.303321838
798,-1.045698166
799,-1.118360519
800,-1.570854187
801,-1.048999786
802,-1.293413162
803,-1.369379044
804,-0.973033905
805,-1.157995224
806,-1.230657578
807,-1.623699188
808,-1.339653015
809,-1.115056992
810,-1.491584778
811,-1.389196396
812,-1.296714783
813,-1.478372574
814,-1.96389389
815,-1.442041397
816,-1.352865219
817,0.268844605
818,-1.412315369
819,-1.696361542
820,-1.494888306
821,-1.518007278
822,-1.422224045
823,-1.574157715
824,-1.69966507
825,-1.425527573
826,-1.458555222
827,-2.145553589
828,-1.669940948
829,-1.319835663
830,-0.546964645
831,-1.729393005
832,-1.825176239
833,-2.026649475
834,-1.455253601
835,-1.435436249
836,-1.739299774
837,-1.475070953
838,-2.158763886
839,-1.726089478
840,-1.362771988
841,-1.656726837
842,-1.735996246
843,-1.907745361
844,-1.795448303
845,-1.72278595
846,-1.927562714
847,-1.580760956
848,-1.669940948
849,-1.967197418
850,-1.630306244
851,-1.580760956
852,-1.551036835
853,-1.891231537
854,-1.775630951
855,-1.825176239
856,-1.676544189
857,-2.115825653
858,-1.977108002
859,-2.373451233
860,-1.897838593
861,-2.013439178
862,-2.033256531
863,-1.930866241
864,-2.003528595
865,-4.47077179
866,-2.026649475
867,-1.752510071
868,-1.957290649
869,-1.90114212
870,-1.739299774
871,-1.527915955
872,-1.69966507
873,-1.841690063
874,-1.894535065
875,-1.795448303
876,-1.679847717
877,-1.818569183
878,-2.578227997
879,-1.811962128
880,-2.023345947
881,-1.600578308
882,-1.706272125
883,-2.142250061
884,-1.884624481
885,-1.471767426
886,-1.874717712
887,-1.702968597
888,-1.765724182
889,-1.920959473
890,-1.802055359
891,-1.950683594
892,-1.660030365
893,-1.871414185
894,-2.320606232
895,-1.795448303
896,-1.798751831
897,-1.795448303
898,-1.818569183
899,-1.782238007
900,-1.841690063
901,-2.029953003
902,-1.930866241
903,-1.475070953
904,-1.726089478
905,-1.765724182
906,-1.818569183
907,-1.87802124
908,-1.884624481
909,-1.590671539
910,-1.772327423
911,-1.821872711
912,-1.8086586
913,-1.960590363
914,-1.94077301
915,-1.861507416
916,-1.835083008
917,-1.785541534
918,-2.056373596
919,-1.74590683
920,-1.934169769
921,-1.851596832
922,-1.755813599
923,-1.461858749
924,-1.560943604
925,-1.69966507
926,-1.729393005
927,-1.567550659
928,-1.560943604
929,-1.83177948
930,-1.769023895
931,-1.461858749
932,-0.992851257
933,-1.369379044
934,-1.468463898
935,-1.683151245
936,-1.663333893
937,-0.398334503
938,-1.660030365
939,-1.650123596
940,-1.547733307
941,-1.078725815
942,-1.630306244
943,-1.689758301
944,-1.313230515
945,-1.590671539
946,-1.574157715
947,-1.51140213
948,-1.567550659
949,-1.663333893
950,-1.69966507
951,0.31178093
952,-1.838386536
953,-1.646820068
954,-1.471767426
955,-1.593975067
956,-1.48828125
957,-1.676544189
958,-1.587368011
959,-1.8086586
960,-1.547733307
961,-1.673240662
962,-1.656726837
963,-2.072891235
964,-1.590671539
965,-1.544429779
966,-1.494888306
967,-1.613792419
968,-1.580760956
969,-1.524614334
970,-1.825176239
971,-1.693058014
972,-1.547733307
973,-1.541128159
974,-1.435436249
975,-1.759117126
976,-1.303321838
977,-1.584064484
978,-1.154691696
979,-1.600578308
980,-1.821872711
981,-1.617092133
982,-1.633609772
983,-1.240566254
984,-1.409013748
985,-1.366075516
986,-2.102615356
987,-1.243869781
988,-1.660030365
989,-1.468463898
990,-1.55764389
991,-1.537824631
992,-1.640213013
993,-1.518007278
994,-1.663333893
995,-1.735996246
996,-1.683151245
997,-1.74590683
998,-1.316532135
999,-1.207538605
1000,-1.508098602
1001,-1.372680664
1002,-1.336349487
1003,-1.247173309
1004,0.622251511
1005,-0.900371552
1006,-1.329744339
1007,-1.319835663
1008,-1.646820068
1009,-1.478372574
1010,-1.425527573
1011,-1.134874344
1012,-1.098543167
1013,-1.214143753
1014,-1.148086548
1015,-1.266990662
1016,-1.319835663
1017,-1.359470367
1018,-1.171207428
1019,-0.976337433
1020,-1.445344925
1021,-0.996154785
1022,-1.052303314
1023,-1.346258163
1024,-0.788074493
1025,-0.533752441
1026,-1.098543167
1027,-0.986246109
1028,-1.729393005
1029,-1.019273758
1030,-1.01266861
1031,-1.118360519
1032,-1.375984192
1033,-1.1414814
1034,-3.377521515
1035,-1.118360519
1036,-1.068817139
1037,-1.006063461
1038,-1.088634491
1039,-1.121664047
1040,-0.926794052
1041,-1.171207428
1042,-1.197629929
1043,-1.111755371
1044,-1.124965668
1045,-0.966428757
1046,-1.329744339
1047,-1.032485962
1048,-1.03578949
1049,-1.009365082
1050,-1.022577286
1051,-1.385892868
1052,-0.946611404
1053,-1.303321838
1054,-1.339653015
1055,-1.091938019
1056,-0.940006256
1057,-1.101846695
1058,-1.237264633
1059,-1.08533287
1060,-0.963125229
1061,-0.963125229
1062,-1.1414814
1063,-1.082029343
1064,-0.966428757
1065,-0.655958176
1066,-0.837615967
1067,-0.543661118
1068,-0.831010819
1069,-0.949914932
1070,-1.253778458
1071,-1.111755371
1072,-1.237264633
1073,-0.956520081
1074,-0.946611404
1075,-0.989549637
1076,-0.821102142
1077,-1.032485962
1078,-0.910280228
1079,-0.738531113
1080,-3.678085327
1081,-0.966428757
1082,-0.900371552
1083,-0.844223023
1084,-0.959823608
1085,-0.943307877
1086,-0.685684204
1087,-1.266990662
1088,-1.425527573
1089,-1.177812576
1090,-1.494888306
1091,-1.646820068
1092,-1.8086586
1093,-1.977108002
1094,-1.884624481
1095,-2.0431633
1096,-2.370147705
1097,-2.072891235
1098,-2.264457703
1099,-2.178581238
1100,-2.274364471
1101,-2.330513
1102,-2.337120056
1103,-2.716949463
1104,-2.525382996
1105,-2.796218872
1106,-2.43290329
1107,-2.858970642
1108,-2.789611816
1109,-2.660800934
1110,-2.816036224
1111,-2.802822113
1112,-3.103385925
1113,-3.288345337
1114,-2.736766815
1115,-2.829246521
1116,-3.004299164
1117,-2.835853577
1118,-2.938240051
1119,-3.156230927
1120,-2.86227417
1121,-2.7995224
1122,-2.974571228
1123,-2.90851593
1124,-3.195865631
1125,-3.218986511
1126,-3.209075928
1127,-3.024116516
1128,-2.921726227
1129,-3.057144165
1130,-2.872184753
1131,-3.136413574
1132,-3.182655334
1133,-3.36100769
1134,-3.364311218
1135,-3.185955048
1136,-3.354404449
1137,-3.529453278
1138,-3.499729156
1139,-3.33788681
1140,-3.453487396
1141,-3.496425629
1142,-3.281738281
1143,-3.476608276
1144,-3.433670044
1145,-3.364311218
1146,-3.661567688
1147,-3.691295624
1148,-3.298252106
1149,-3.724323273
1150,-3.645053864
1151,-3.483215332
1152,-3.998462677
1153,-3.816802979
1154,-3.896072388
1155,-3.754051209
1156,-3.826713562
1157,-4.054611206
1158,-4.223056793
1159,-4.081031799
1160,-4.107456207
1161,-4.523616791
1162,-3.767261505
1163,-4.011672974
1164,-4.338657379
1165,-4.358474731
1166,-4.170211792
1167,-4.553344727
1168,-4.223056793
1169,-4.434440613
1170,-4.292415619
1171,-4.140483856
1172,-4.312232971
1173,-4.3683815
1174,-4.424533844
1175,-4.609493256
1176,-4.609493256
1177,-4.355171204
1178,-4.639217377
1179,-4.721790314
1180,-4.622703552
1181,-4.576465607
1182,-4.774635315
1183,-4.688762665
1184,-4.540130615
1185,-4.761425018
1186,-4.371685028
1187,-4.659034729
1188,-4.622703552
1189,-4.556648254
1190,-4.586372375
1191,-4.659034729
1192,-4.081031799
1193,-4.563251495
1194,-4.434440613
1195,-3.988552094
1196,-4.104152679
1197,-4.114063263
1198,-4.25938797
1199,-4.30562973
1200,-4.123970032
1201,-4.02488327
1202,-4.001766205
1203,-3.826713562
1204,-3.833316803
1205,-3.684688568
1206,-3.499729156
1207,-3.215682983
1208,-3.192562103
1209,-2.974571228
1210,-2.842456818
1211,-2.548503876
1212,-2.459323883
1213,-2.211608887
1214,-1.993621826
1215,-1.362771988
1216,-1.293413162
1217,-0.887159348
1218,-1.032485962
1219,-0.203466415
1220,0.034339905
1221,0.33490181
1222,0.978960037
1223,1.028503418
1224,1.454574585
1225,1.897157669
1226,1.874038696
1227,2.485069275
1228,2.854990005
1229,3.314088821
1230,3.555198669
1231,4.238891602
1232,4.367704391
1233,4.618721008
1234,4.932495117
1235,5.622793198
1236,5.939868927
1237,6.725952148
1238,7.000089645
1239,7.386526108
1240,7.759750366
1241,8.030584335
1242,8.433534622
1243,8.684553146
1244,9.23282814
1245,9.477241516
1246,10.08166695
1247,10.01230621
1248,10.05524254
1249,10.42186165
1250,10.19066048
1251,9.791013718
1252,9.668807983
1253,9.249343872
1254,9.226222992
1255,8.876119614
1256,8.552438736
1257,8.433534622
1258,8.162698746
1259,7.756446838
1260,7.898469925
1261,7.16853714
1262,7.214776993
1263,6.943941116
1264,6.765586853
1265,6.263549805
1266,6.042257309
1267,5.867206573
1268,6.408876419
1269,8.582164764
1270,11.01968002
1271,12.55221176
1272,14.65613937
1273,16.49253464
1274,18.37847137
1275,20.82259369
1276,22.02814102
1277,23.49791718
1278,25.07999229
1279,25.7735939
1280,26.81399727
1281,27.18722153
1282,28.76599312
1283,29.28124046
1284,29.99465942
1285,30.1994381
1286,29.74694443
1287,33.21495819
1288,32.68649673
1289,34.15957642
1290,35.34200287
1291,35.92991638
1292,38.1263237
1293,39.46068192
1294,40.53081131
1295,41.06257248
1296,42.75694275
1297,43.67844391
1298,44.82453918
1299,44.44470978
1300,44.59664154
1301,43.09383774
1302,43.06080627
1303,42.13930511
1304,41.83544159
1305,41.68350983
1306,41.44570541
1307,42.13930511
1308,42.07655334
1309,42.22848511
1310,42.16903305
1311,42.54886246
1312,42.48280716
1313,42.51583481
1314,43.07071686
1315,43.78413391
1316,43.57275391
1317,43.51660156
1318,43.20283127
1319,43.73789597
1320,43.85680008
1321,43.75440979
1322,44.01203156
1323,44.82784271
1324,44.35883331
1325,44.34231949
1326,44.35883331
1327,44.15405655
1328,43.90964508
1329,43.3514595
1330,43.95919037
1331,44.91371918
1332,45.77576447
1333,45.89797211
1334,45.61722565
1335,45.41575241
1336,45.14491653
1337,44.94013977
1338,44.14084625
1339,44.69242477
1340,44.92692947
1341,45.38272476
1342,46.40331268
1343,48.85073853
1344,48.53035736
1345,48.47420883
1346,48.52705383
1347,48.11089325
1348,48.02171707
1349,46.6675415
1350,48.60301971
1351,50.31720734
1352,50.81594086
1353,53.07840729
1354,54.51185226
1355,56.83377075
1356,59.40670395
1357,64.14302063
1358,65.89683533
1359,72.40348816
1360,78.42792511
1361,81.83317566
1362,83.52424622
1363,83.71911621
1364,84.72649384
1365,86.56948853
1366,88.3530426
1367,90.04080963
1368,90.6782608
1369,92.80531311
1370,93.44276428
1371,94.10003662
1372,94.62188721
1373,94.54592133
1374,95.60283661
1375,96.4384613
1376,96.68618011
1377,98.49945831
1378,99.35159302
1379,100.0088654
1380,100.8345795
1381,101.4786453
1382,101.5909424
1383,102.1260071
1384,102.3010559
1385,103.4537582
1386,104.1605682
1387,104.5734329
1388,105.1217041
1389,105.6732864
1390,106.3074341
1391,106.8160782
1392,107.0043411
1393,107.2025146
1394,107.4931641
1395,108.5302658
1396,108.9497299
1397,109.3724976
1398,110.0727081
1399,110.1288528
1400,110.4360199
1401,110.8984222
1402,111.156044
1403,111.334404
1404,111.7010193
1405,111.7142334
1406,112.0709381
1407,111.7208405
1408,111.5656052
1409,111.5160599
1410,111.2154999
1411,110.6804352
1412,109.752327
1413,109.5343399
1414,108.1240158
1415,107.4535294
1416,105.488327
1417,105.0787659
1418,104.9004135
1419,103.8600082
1420,100.0881348
1421,102.9352036
1422,102.713913
1423,103.3183365
1424,102.9583282
1425,103.2291641
1426,103.4372406
1427,102.7865753
1428,102.6907959
1429,101.4621277
1430,101.4357071
1431,101.1549606
1432,97.81906128
1433,100.4943848
1434,100.6826477
1435,99.07085419
1436,99.20957184
1437,99.77105713
1438,99.39783478
1439,98.6811142
1440,97.89172363
1441,97.36656952
1442,97.25096893
1443,95.89019012
1444,95.84064484
1445,96.17753601
1446,95.83403778
1447,93.39652252
1448,93.03320313
1449,92.89118958
1450,90.39091492
1451,92.27024841
1452,91.59315491
1453,91.35865784
1454,90.28192139
1455,89.44628906
1456,88.64700317
1457,88.29689026
1458,87.81797791
1459,86.99226379
1460,85.84947205
1461,85.71735382
1462,85.20541382
1463,83.97013855
1464,83.53746033
1465,83.00569916
1466,82.86037445
1467,82.24604034
1468,81.69776154
1469,80.56817627
1470,80.92489624
1471,80.89186096
1472,79.91751862
1473,80.0760498
1474,79.33621216
1475,79.23712158
1476,78.52700806
1477,78.38829041
1478,76.8359375
1479,76.66749573
1480,75.99371338
1481,76.79960632
1482,76.04325104
1483,76.09609985
1484,76.22491455
1485,74.92027283
1486,74.46447754
1487,74.69898987
1488,74.68247223
1489,73.89968872
1490,73.1895752
1491,73.16975403
1492,72.75028992
1493,72.19210815
1494,71.0096817
1495,71.181427
1496,71.21775818
1497,71.23097229
1498,71.17481995
1499,70.31938171
1500,69.97257996
1501,69.52999878
1502,69.80082703
1503,69.00154114
1504,68.04701233
1505,68.07342529
1506,68.10315704
1507,68.10646057
1508,67.43597412
1509,67.06275177
1510,66.86128235
1511,66.36584473
1512,66.56401825
1513,68.31784058
1514,68.23857117
1515,68.04370117
1516,68.38389587
1517,68.37399292
1518,68.55895233
1519,68.16590881
1520,68.39710999
1521,68.06021881
1522,68.60189056
1523,67.47561646
1524,67.37652588
1525,66.91412354
1526,66.39556885
1527,65.70527649
1528,64.19255829
1529,62.4552536
1530,62.06221008
1531,61.44457245
1532,61.08456039
1533,60.52307129
1534,60.78069687
1535,59.92855835
1536,60.11021423
1537,60.71463776
1538,60.51316452
1539,60.61885834
1540,60.56600952
1541,60.90950775
1542,60.37774658
1543,60.25553894
1544,59.32413483
1545,59.24156189
1546,58.48520279
1547,58.39272308
1548,58.20446014
1549,57.95344162
1550,57.78829956
1551,57.57361221
1552,57.24662781
1553,56.35485077
1554,55.97171783
1555,55.4564743
1556,55.3111496
1557,55.89905548
1558,56.41430664
1559,56.35155106
1560,55.73721695
1561,55.50601578
1562,55.72070313
1563,55.55225372
1564,54.48873138
1565,54.27735138
1566,54.06596375
1567,54.56469727
1568,54.03954315
1569,53.86118698
1570,53.58044434
1571,54.1386261
1572,53.85788727
1573,53.66301727
1574,53.84136963
1575,53.98999786
1576,54.46231079
1577,53.23364258
1578,53.86449051
1579,53.8380661
1580,52.91986847
1581,52.66555023
1582,52.77454376
1583,52.728302
1584,52.81748199
1585,53.19400787
1586,53.27327728
1587,53.9668808
1588,53.44832993
1589,53.00904846
1590,51.81010437
1591,51.26843643
1592,50.89521027
1593,50.92163467
1594,50.57813644
1595,50.40969086
1596,50.32381439
1597,50.35353851
1598,50.23794174
1599,50.08600616
1600,49.95059204
1601,50.48896027
1602,50.01664734
1603,50.15206909
1604,49.82508087
1605,49.65993881
1606,49.45185852
1607,49.43204117
1608,49.09844971
1609,48.99936676
1610,48.82101059
1611,49.00597382
1612,48.85734177
1613,48.48741913
1614,48.47090912
1615,47.98208237
1616,47.35784149
1617,47.21912003
1618,47.06718445
1619,47.20921326
1620,47.3974762
1621,47.49325562
1622,47.3743515
1623,47.18608856
1624,46.9681015
1625,46.78644562
1626,46.72038651
1627,46.84589386
1628,46.84589386
1629,46.8392868
1630,46.58827209
1631,46.43964386
1632,46.60808945
1633,46.65763092
1634,46.90864944
1635,46.78314209
1636,47.38756561
1637,46.89543915
1638,46.93837738
1639,46.78314209
1640,46.94828415
1641,46.13247681
1642,46.24147034
1643,45.2175827
1644,44.93022919
1645,44.93022919
1646,44.91041565
1647,44.78160095
1648,44.33901978
1649,44.56031036
1650,44.63627625
1651,44.79151154
1652,45.08876801
1653,44.93683624
1654,45.389328
1655,44.69242477
1656,45.035923
1657,45.02931976
1658,45.39593506
1659,44.54049301
1660,44.61645889
1661,44.53388596
1662,44.1078186
1663,43.32833862
1664,43.73459244
1665,43.66853333
1666,43.43072891
1667,42.55546951
1668,42.82300186
1669,42.75363922
1670,43.27219009
1671,42.63143539
1672,42.8296051
1673,42.44647217
1674,42.48280716
1675,42.28133011
1676,42.31766129
1677,42.46298981
1678,42.27142334
1679,42.40023422
1680,41.94113541
1681,42.25160599
1682,44.11772537
1683,42.11949158
1684,41.83874512
1685,41.61084747
1686,41.37634277
1687,41.64057541
1688,41.43579865
1689,41.27065277
1690,41.25083542
1691,40.9733963
1692,40.59686661
1693,40.13116455
1694,39.96601868
1695,40.29961014
1696,40.36896896
1697,40.44163513
1698,39.79757309
1699,39.33187103
1700,39.17993927
1701,39.32196045
1702,38.54908752
1703,38.92561722
1704,38.33440399
1705,38.92892075
1706,38.99167252
1707,38.72414017
1708,38.58211899
1709,38.58872223
1710,38.82322693
1711,38.06687164
1712,38.42358017
1713,38.59863281
1714,37.69364548
1715,37.78612518
1716,37.54171371
1717,37.37326813
1718,37.3171196
1719,36.9637146
1720,36.9637146
1721,36.84150696
1722,36.85802078
1723,36.66315079
1724,37.08922195
1725,36.59048843
1726,35.87046433
1727,36.28992844
1728,36.48809814
1729,36.07524109
1730,36.28001785
1731,36.08515167
1732,36.11487579
1733,36.31965256
1734,35.97945786
1735,36.04881668
1736,36.08515167
1737,36.09175491
1738,35.83413315
1739,36.02899933
1740,35.92661285
1741,35.97615433
1742,35.84403992
1743,35.8539505
1744,36.05872726
1745,36.19744873
1746,35.96955109
1747,36.1016655
1748,36.32625961
1749,36.2073555
1750,35.98606491
1751,36.1941452
1752,35.9728508
1753,35.61283875
1754,35.88697815
1755,35.89358521
1756,35.87046433
1757,36.24038315
1758,35.47081757
1759,35.59962845
1760,35.77137756
1761,35.32218552
1762,35.44108963
1763,35.31227875
1764,34.96217346
1765,35.1372261
1766,35.59962845
1767,35.27594757
1768,35.34200287
1769,35.4377861
1770,35.24621964
1771,35.29906845
1772,35.25943375
1773,34.95886993
1774,34.90272141
1775,35.0315361
1776,35.07777405
1777,34.96217346
1778,34.74748993
1779,34.89611816
1780,35.12071228
1781,35.34200287
1782,35.14383316
1783,35.22310257
1784,34.19260406
1785,35.0447464
1786,35.12401581
1787,35.1504364
1788,35.02823257
1789,34.93575287
1790,35.07116699
1791,34.67812729
1792,34.51628876
1793,34.53610229
1794,34.65500641
1795,34.54931641
1796,34.24875641
1797,34.40068817
1798,34.328022
1799,33.08284378
1800,34.01755524
1801,33.95810318
1802,33.55845642
1803,34.0010376
1804,33.7004776
1805,33.93167877
1806,33.93167877
1807,33.98122406
1808,33.96470642
1809,33.93167877
1810,33.76653671
1811,34.07370377
1812,34.06709671
1813,34.34783936
1814,34.06048965
1815,34.01755524
1816,33.83589554
1817,33.91846848
1818,33.87553024
1819,34.21902847
1820,33.90525818
1821,33.23147202
1822,33.24468231
1823,33.11587143
1824,33.04650879
1825,33.19844437
1826,33.16871643
1827,33.02999496
1828,32.79549408
1829,32.7855835
1830,32.97384644
1831,32.66337967
1832,33.3074379
1833,32.96063614
1834,32.73934555
1835,33.31734467
1836,33.4527626
1837,33.51551819
1838,33.42964172
1839,33.59148407
1840,33.50891113
1841,33.33385849
1842,33.26449966
1843,33.28431702
1844,33.52212524
1845,33.15880966
1846,33.17532349
1847,33.06962967
1848,32.72613144
1849,33.17201996
1850,33.28431702
1851,31.48755646
1852,32.80209732
1853,32.34960556
1854,32.13822174
1855,32.30997086
1856,32.11179733
1857,32.30666733
1858,32.11179733
1859,32.35621262
1860,32.20428085
1861,32.53126144
1862,32.32978821
1863,32.39914703
1864,31.95656395
1865,31.95986748
1866,31.55361366
1867,31.98298645
1868,31.74187851
1869,31.69233513
1870,31.79472351
1871,31.65600204
1872,31.74187851
1873,31.94335175
1874,31.75508881
1875,31.85087204
1876,31.71875763
1877,31.6229744
1878,31.48095131
1879,31.56352234
1880,31.68572807
1881,31.72206116
1882,31.6361866
1883,31.59985352
1884,31.93344498
1885,31.53709984
1886,31.84096336
1887,31.60976219
1888,31.79802704
1889,31.47434616
1890,31.4281044
1891,31.22993279
1892,31.09451485
1893,31.17378426
1894,30.95909691
1895,31.52719116
1896,30.95249176
1897,31.37195587
1898,30.97230911
1899,30.8666172
1900,30.96570396
1901,30.97561264
1902,30.747715
1903,30.32164383
1904,30.552845
1905,30.68165588
1906,30.93928146
1907,30.69156456
1908,30.97561264
1909,30.85340691
1910,31.03176117
1911,30.83689117
1912,30.79725647
1913,30.83028603
1914,30.82368088
1915,31.1539669
1916,30.90955544
1917,30.63871956
1918,30.65853691
1919,30.80056
1920,31.00203514
1921,30.88973808
1922,30.95249176
1923,30.8666172
1924,30.95579529
1925,31.12424088
1926,31.09451485
1927,30.85340691
1928,30.62550735
1929,30.80056
1930,30.83358955
1931,30.85010338
1932,31.10442352
1933,30.59578133
1934,30.83689117
1935,30.83028603
1936,31.48425293
1937,31.24975014
1938,30.82037735
1939,30.61890221
1940,31.02845764
1941,30.88313103
1942,31.0350647
1943,31.00864029
1944,30.97891426
1945,31.30589867
1946,30.95909691
1947,30.81707382
1948,31.0350647
1949,30.92276573
1950,31.17378426
1951,31.21011543
1952,30.97891426
1953,31.06478882
1954,31.06809235
1955,31.04166985
1956,30.75432014
1957,31.0350647
1958,30.72459412
1959,30.96240044
1960,30.94258308
1961,30.71468544
1962,31.1011219
1963,31.07139587
1964,30.84349823
1965,31.39507675
1966,30.75101662
1967,30.69156456
1968,31.13084602
1969,30.747715
1970,30.68165588
1971,31.00533867
1972,31.01524735
1973,30.8269825
1974,28.26395798
1975,30.98882294
1976,30.94918823
1977,31.0879097
1978,30.86992073
1979,31.07800102
1980,32.71622467
1981,31.20020676
1982,30.91285706
1983,31.0879097
1984,31.05157852
1985,31.17708778
1986,31.1275444
1987,31.73196983
1988,31.28608131
1989,30.92937279
1990,31.26626396
1991,31.12093735
1992,31.30589867
1993,30.88643456
1994,31.0350647
1995,30.77743912
1996,32.84173203
1997,30.89964676
1998,30.98221779
1999,30.56605721
2000,30.80056
2001,30.76422882
2002,30.67835426
2003,30.8666172
2004,30.70477676
2005,30.62550735
2006,30.77743912
2007,30.68495941
2008,30.73780632
2009,31.18369293
2010,31.04166985
2011,30.70808029
2012,30.78734779
2013,30.78734779
2014,30.46366692
2015,30.31173515
2016,30.75762367
2017,30.5264225
2018,30.44384956
2019,30.32164383
2020,30.5792675
2021,30.2390728
2022,30.50990677
2023,30.48018265
2024,30.31834221
2025,30.2654953
2026,30.20274162
2027,30.44384956
2028,30.18952942
2029,30.08383751
2030,30.15980339
2031,30.26879883
2032,30.21595192
2033,30.35136986
2034,30.11356354
2035,30.22916412
2036,29.98805428
2037,30.07062531
2038,29.92860222
2039,30.20604324
2040,30.09704971
2041,29.93520927
2042,30.09044266
2043,30.08053398
2044,30.04090118
2045,30.28531265
2046,30.42403221
2047,29.87245369
2048,29.7568531
2049,29.95502663
2050,29.62473869
2051,29.88566589
2052,29.6643734
2053,29.63464737
2054,29.70070457
2055,29.26472664
2056,29.48601913
2057,29.51904678
2058,29.19536591
2059,29.62473869
2060,29.30766296
2061,29.65446472
2062,29.58510399
2063,29.56198502
2064,29.47280693
2065,29.67428207
2066,29.48932076
2067,29.54877281
2068,29.40014458
2069,29.50913811
2070,29.58510399
2071,29.43977737
2072,29.49922943
2073,29.70070457
2074,29.73703575
2075,29.51244164
2076,29.52565384
2077,29.59831619
2078,29.57189369
2079,29.73703575
2080,29.57849884
2081,29.47280693
2082,29.05003929
2083,29.64785957
2084,29.31096649
2085,29.36050987
2086,29.7304306
2087,29.74694443
2088,29.42987061
2089,29.31757164
2090,29.56198502
2091,29.4034462
2092,29.46289825
2093,29.52565384
2094,29.66106987
2095,29.57189369
2096,29.47280693
2097,29.87905884
2098,29.42656708
2099,29.60161972
2100,29.48932076
2101,29.71061325
2102,29.07976532
2103,29.53225899
2104,29.7568531
2105,29.64785957
2106,29.81960869
2107,29.87575722
2108,29.72712708
2109,29.71391678
2110,29.32087517
2111,29.21848679
2112,29.55537796
2113,29.38032722
2114,29.14582253
2115,29.46620178
2116,29.27133179
2117,29.45959473
2118,29.37372017
2119,29.41996193
2120,29.20527458
2121,28.96416473
2122,26.92629623
2123,28.66030121
2124,28.9080162
2125,28.95095444
2126,28.77920532
2127,29.4430809
2128,28.841959
2129,28.83535385
2130,28.76268959
2131,28.92122841
2132,28.74617577
2133,28.90471268
2134,28.87829018
2135,28.86507988
2136,28.91462135
2137,29.28784561
2138,28.83535385
2139,29.03682899
2140,28.88489723
2141,29.09958267
2142,28.99058914
2143,28.95755959
2144,30.35797501
2145,28.96416473
2146,28.83205032
2147,29.04673767
2148,28.75608444
2149,29.14912605
2150,28.93113709
2151,28.80892944
2152,28.81223297
2153,28.97077179
2154,28.71975327
2155,28.68011856
2156,28.647089
2157,28.63057518
2158,28.62727356
2159,28.67681503
2160,28.93774223
2161,28.78250694
2162,28.97737694
2163,28.8287468
2164,29.16563988
2165,29.05664635
2166,29.28784561
2167,29.1821537
2168,29.01370811
2169,28.86507988
2170,29.15903473
2171,29.08637047
2172,29.05664635
2173,29.01370811
2174,29.01370811
2175,29.23500061
2176,29.09627914
2177,29.17554855
2178,29.24490929
2179,29.31427002
2180,29.53886414
2181,29.55868149
2182,29.60161972
2183,29.38693237
2184,29.35390282
2185,29.47941208
2186,29.42987061
2187,29.33408737
2188,28.89810753
2189,29.49592781
2190,29.50583649
2191,29.54216766
2192,29.45959473
2193,29.44968605
2194,29.50913811
2195,29.38032722
2196,29.29114914
2197,29.42326355
2198,29.4695034
2199,29.27793694
2200,29.36711502
2201,29.51244164
2202,29.57189369
2203,29.51904678
2204,29.48601913
2205,29.48932076
2206,29.05334282
2207,28.72635841
2208,29.34729767
2209,29.53225899
2210,29.1293087
2211,28.90471268
2212,29.16894341
2213,28.99058914
2214,29.05003929
2215,28.8815937
2216,28.95095444
2217,28.8683815
2218,28.79241562
2219,28.92122841
2220,29.14582253
2221,28.97737694
2222,29.08306885
2223,28.57112312
2224,28.97077179
2225,29.25151443
2226,29.17224503
2227,29.18545723
2228,28.91131973
2229,29.16563988
2230,29.29445267
2231,29.31757164
2232,28.94765091
2233,29.65116119
2234,29.31757164
2235,29.09297752
2236,28.97077179
2237,29.44638443
2238,28.92453003
2239,29.1028862
2240,29.11940002
2241,29.61152649
2242,29.26472664
2243,29.26802826
2244,29.38032722
2245,29.28454399
2246,29.34069252
2247,29.45298958
2248,29.19206238
2249,29.39353752
2250,29.30105782
2251,29.57519531
2252,29.20857811
2253,29.31427002
2254,29.38693237
2255,29.21848679
2256,29.29775429
2257,29.77336884
2258,29.1028862
2259,29.22509193
2260,29.58510399
2261,29.22839546
2262,29.29114914
2263,29.47941208
2264,29.45629311
2265,28.80892944
2266,29.21518326
2267,29.07646179
2268,28.64378738
2269,29.06655502
2270,28.88819885
2271,28.62727356
2272,28.73626709
2273,28.51827812
2274,28.33001518
2275,28.78250694
2276,28.74947929
2277,28.99389076
2278,28.67351341
2279,28.48524857
2280,28.33992386
2281,28.36634636
2282,28.48855209
2283,28.30028915
2284,27.96339607
2285,28.17477989
2286,28.05257416
2287,27.86100769
2288,28.16487122
2289,28.12523651
2290,28.25074577
2291,28.87829018
2292,27.08813667
2293,28.3068943
2294,28.14175034
2295,27.89403534
2296,28.03936195
2297,28.14835739
2298,28.14505386
2299,28.74947929
2300,28.35313416
2301,28.01293945
2302,28.28377533
2303,28.46873474
2304,28.40928268
2305,28.34322548
2306,28.43240356
2307,28.25735092
2308,28.09881401
2309,28.46543121
2310,28.00963593
2311,28.01624298
2312,28.59754753
2313,28.76599312
2314,28.94434738
2315,28.46212959
2316,28.68011856
2317,28.51497459
2318,28.18468857
2319,28.41588974
2320,28.47864342
2321,28.62727356
2322,28.88489723
2323,28.46873474
2324,28.43240356
2325,28.47533989
2326,28.73626709
2327,28.52488327
2328,28.5546093
2329,28.38286018
2330,28.65369606
2331,28.65369606
2332,28.97407341
2333,28.6206665
2334,29.54877281
2335,29.37372017
2336,28.72635841
2337,28.89150238
2338,28.81884003
2339,28.73296356
2340,28.76599312
2341,28.75608444
2342,28.98398209
2343,28.80892944
2344,28.8551712
2345,28.8683815
2346,28.89150238
2347,29.00049591
2348,28.99719429
2349,29.25812149
2350,29.32087517
2351,29.38693237
2352,29.13921738
2353,29.08637047
2354,29.13921738
2355,28.89150238
2356,28.76929665
2357,29.64455605
2358,29.05994797
2359,28.92122841
2360,28.77590179
2361,28.99389076
2362,28.75278091
2363,28.53479195
2364,28.48194695
2365,28.13184166
2366,28.48194695
2367,28.46212959
2368,27.78834343
2369,28.17808151
2370,28.26065445
2371,28.50506592
2372,28.62727356
2373,28.36634636
2374,28.3068943
2375,27.87091637
2376,27.95018387
2377,27.89733887
2378,27.72889328
2379,27.76852608
2380,27.6793499
2381,30.15319824
2382,28.10211563
2383,27.95018387
2384,28.12193298
2385,27.89733887
2386,28.00303078
2387,27.80155563
2388,28.12193298
2389,27.83128166
2390,28.17477989
2391,28.09220886
2392,27.73549843
2393,28.06908798
2394,28.0195446
2395,28.48524857
2396,27.82137299
2397,28.14505386
2398,28.00963593
2399,28.07569313
2400,28.09220886
2401,28.49515724
2402,28.48855209
2403,28.09220886
2404,28.07899666
2405,28.46873474
2406,27.91385269
2407,28.12854004
2408,27.97660828
2409,27.4448452
2410,27.84119034
2411,27.88412666
2412,27.91385269
2413,28.03605843
2414,27.6925602
2415,27.60668564
2416,27.76522446
2417,28.0459671
2418,28.08890533
2419,27.94688225
2420,27.89733887
2421,27.81476593
2422,27.9799099
2423,28.10541916
2424,27.95679092
2425,27.53732681
2426,27.56705093
2427,27.54393196
2428,27.30942917
2429,27.40190887
2430,27.49108505
2431,27.56374931
2432,27.6661377
2433,27.66944122
2434,27.64301682
2435,27.65622902
2436,27.7189846
2437,27.68595505
2438,27.58026314
2439,27.41181755
2440,27.34576035
2441,27.40190887
2442,27.1046505
2443,27.35566902
2444,27.54393196
2445,27.57035446
2446,27.59677696
2447,27.56374931
2448,27.41181755
2449,27.53402328
2450,27.46796608
2451,27.32924461
2452,27.12446785
2453,27.16079903
2454,27.11455917
2455,27.21034241
2456,26.92629623
2457,27.13437653
2458,26.97583771
2459,27.10795212
2460,27.21364594
2461,26.89987183
2462,24.69685936
2463,26.98904991
2464,26.90647888
2465,26.93950653
2466,26.75784874
2467,26.97253609
2468,26.78757477
2469,26.81069565
2470,27.22025108
2471,26.88996315
2472,27.7454071
2473,26.8173008
2474,27.09143829
2475,27.02207947
2476,27.60668564
2477,26.93950653
2478,27.04519844
2479,27.02207947
2480,26.86354065
2481,26.80408859
2482,26.86684418
2483,26.89657021
2484,26.91968918
2485,27.08813667
2486,26.88996315
2487,27.00886726
2488,27.04850197
2489,26.71491241
2490,27.23015976
2491,27.02868462
2492,27.14758682
2493,27.4316349
2494,27.08152962
2495,26.83711815
2496,27.00226212
2497,27.29291344
2498,27.24006844
2499,27.27309608
2500,27.1574955
2501,26.79417992
2502,27.50760078
2503,27.59677696
2504,27.3920002
2505,27.46796608
2506,27.46796608
2507,27.58686829
2508,27.32263947
2509,27.2235527
2510,27.37218285
2511,27.29621696
2512,27.4844799
2513,27.4448452
2514,27.55384064
2515,27.61329269
2516,27.98651695
2517,27.61329269
2518,27.61659431
2519,27.77182961
2520,27.87091637
2521,27.86100769
2522,27.65622902
2523,27.75531578
2524,27.31603432
2525,27.81476593
2526,27.40190887
2527,27.85770416
2528,27.94027519
2529,27.94688225
2530,27.81806946
2531,27.85770416
2532,28.01624298
2533,27.63971519
2534,28.30359077
2535,27.70907593
2536,27.95679092
2537,27.81146431
2538,27.77513313
2539,27.98981857
2540,27.68265152
2541,27.61329269
2542,27.57365799
2543,27.80816078
2544,27.79164696
2545,27.33585167
2546,27.60998917
2547,27.55053711
2548,27.34906197
2549,27.29291344
2550,27.49108505
2551,27.4448452
2552,27.5109024
2553,27.55714417
2554,27.38209152
2555,27.37878799
2556,27.63641167
2557,27.5109024
2558,27.33254814
2559,27.4052105
2560,27.44814873
2561,27.35236549
2562,27.40851402
2563,27.66944122
2564,27.20703888
2565,27.56705093
2566,27.39530182
2567,27.55714417
2568,27.62320137
2569,27.40190887
2570,27.4580574
2571,27.36887932
2572,27.39860535
2573,27.37878799
2574,27.4448452
2575,27.46796608
2576,27.1574955
2577,27.43824005
2578,27.45475388
2579,27.61329269
2580,27.75531578
2581,27.4184227
2582,27.38209152
2583,27.35566902
2584,27.61329269
2585,27.46136093
2586,27.49769211
2587,27.54062843
2588,29.27463531
2589,27.52411461
2590,27.22025108
2591,27.63971519
2592,28.35313416
2593,27.45475388
2594,27.73880005
2595,26.99235344
2596,27.39860535
2597,27.23015976
2598,27.24997711
2599,26.97583771
2600,26.87675285
2601,26.94281006
2602,26.8701458
2603,26.92959785
2604,26.61912918
2605,26.84041977
2606,27.02538109
2607,26.7908783
2608,26.88996315
2609,26.70830536
2610,26.95271873
2611,26.76775742
2612,26.85363197
2613,26.90647888
2614,26.88666153
2615,27.11125565
2616,26.94281006
2617,26.72812271
2618,26.86354065
2619,26.66536903
2620,26.75124359
2621,26.85033035
2622,26.81399727
2623,26.84041977
2624,27.22685623
2625,26.936203
2626,26.78757477
2627,26.91308403
2628,26.97914124
2629,26.8569355
2630,25.6811142
2631,26.5563736
2632,26.75784874
2633,26.75124359
2634,26.82060432
2635,26.75784874
2636,26.76775742
2637,26.84702683
2638,26.86023712
2639,26.89657021
2640,27.24006844
2641,26.75454712
2642,27.11125565
2643,26.65876389
2644,26.95932388
2645,26.98244476
2646,26.80078697
2647,26.87344933
2648,27.09143829
2649,27.1707077
2650,27.15419388
2651,27.09143829
2652,27.14758682
2653,27.1971302
2654,27.16740417
2655,27.38869667
2656,27.35897064
2657,27.25988579
2658,26.95932388
2659,27.40851402
2660,27.32924461
2661,26.68848801
2662,27.32924461
2663,27.07162094
2664,27.45475388
2665,27.078228
2666,27.47787476
2667,27.60998917
2668,27.17731285
2669,27.53732681
2670,27.53732681
2671,27.73549843
2672,27.53071976
2673,27.53402328
2674,27.55384064
2675,27.63311005
2676,27.75201225
2677,27.57035446
2678,27.60008049
2679,27.82467651
2680,27.62650299
2681,27.35566902
2682,27.58686829
2683,27.33915329
2684,27.35236549
2685,27.54723549
2686,27.76852608
2687,27.66944122
2688,27.71568108
2689,27.46466255
2690,27.93036652
2691,27.74210358
2692,27.44154358
2693,27.62650299
2694,27.68265152
2695,28.24414063
2696,27.98321342
2697,27.43824005
2698,27.71568108
2699,27.6529274
2700,27.81806946
2701,27.49108505
2702,27.94027519
2703,28.10872269
2704,28.2804718
2705,27.87091637
2706,28.0459671
2707,27.85109901
2708,28.0195446
2709,27.91715622
2710,28.27056313
2711,27.94688225
2712,28.04266548
2713,27.87421799
2714,27.94027519
2715,28.06248283
2716,28.07899666
2717,27.50429726
2718,28.26065445
2719,27.84119034
2720,28.2540493
2721,27.7189846
2722,27.97330475
2723,28.10541916
2724,27.85440063
2725,27.91715622
2726,27.97000122
2727,27.9270649
2728,28.0195446
2729,27.81476593
2730,28.01624298
2731,28.25074577
2732,28.13514519
2733,28.06248283
2734,28.6206665
2735,28.64048386
2736,28.29038048
2737,29.1821537
2738,28.61736488
2739,28.61736488
2740,28.63057518
2741,28.64378738
2742,28.85186768
2743,28.60745621
2744,28.5810318
2745,28.17477989
2746,28.56121445
2747,28.70323944
2748,28.88489723
2749,28.81223297
2750,28.77259827
2751,28.57773018
2752,28.74947929
2753,28.73626709
2754,28.8287468
2755,28.81223297
2756,28.75278091
2757,28.70984459
2758,28.76268959
2759,29.06985664
2760,28.70984459
2761,28.87829018
2762,28.88489723
2763,28.98398209
2764,26.02461243
2765,28.57112312
2766,28.71314621
2767,28.92453003
2768,29.07316017
2769,28.97407341
2770,28.9080162
2771,29.24821091
2772,29.14912605
2773,28.85186768
2774,28.97737694
2775,29.19866943
2776,29.00379944
2777,28.92122841
2778,28.91792488
2779,28.75608444
2780,28.8551712
2781,28.95755959
2782,29.1160965
2783,28.63057518
2784,28.88489723
2785,28.53479195
2786,28.91131973
2787,28.79902267
2788,29.1160965
2789,29.08306885
2790,28.72635841
2791,29.089674
2792,29.03352547
2793,28.98067856
2794,29.03352547
2795,28.83535385
2796,28.92453003
2797,29.04673767
2798,28.91462135
2799,28.74947929
2800,28.85847282
2801,29.26142311
2802,28.71644974
2803,28.72305679
2804,28.82214165
2805,28.36304283
2806,28.81884003
2807,28.65369606
2808,28.69993591
2809,28.80562782
2810,28.68342209
2811,28.84526253
2812,28.96086311
2813,29.11279488
2814,29.24821091
2815,29.23830414
2816,29.05994797
2817,29.04013062
2818,29.24821091
2819,29.0632515
2820,29.21518326
2821,29.23169708
2822,29.17224503
2823,29.01040459
2824,28.51497459
2825,28.92453003
2826,28.99389076
2827,28.77920532
2828,28.88819885
2829,28.65369606
2830,28.69333076
2831,28.79902267
2832,28.88819885
2833,28.77920532
2834,28.89150238
2835,28.29698563
2836,28.8551712
2837,28.8551712
2838,28.93443871
2839,28.77259827
2840,28.77590179
2841,28.73296356
2842,28.60745621
2843,28.79571915
2844,28.77590179
2845,28.68342209
2846,28.65699768
2847,28.70654106
2848,28.85847282
2849,28.44561386
2850,28.51827812
2851,28.82214165
2852,28.79571915
2853,28.69993591
2854,28.8023243
2855,28.71314621
2856,28.66690636
2857,28.5546093
2858,28.35313416
2859,28.56451797
2860,30.53633118
2861,28.33992386
2862,28.66030121
2863,29.16894341
2864,28.61075783
2865,28.57773018
2866,28.91131973
2867,28.95095444
2868,28.99058914
2869,28.70984459
2870,29.26472664
2871,28.89480591
2872,28.84856415
2873,29.04013062
2874,28.91792488
2875,29.05664635
2876,28.00963593
2877,29.12600517
2878,28.98398209
2879,28.95425606
2880,29.1557312
2881,28.97077179
2882,29.09297752
2883,29.1160965
2884,28.82544518
2885,28.98067856
2886,29.04343414
2887,29.1028862
2888,29.45629311
2889,29.50913811
2890,29.41005325
2891,29.7304306
2892,30.00126648
2893,30.15319824
2894,29.78988266
2895,30.05411148
2896,30.02768898
2897,30.07392883
2898,30.15319824
2899,30.05411148
2900,30.41412354
2901,30.4867878
2902,30.89634323
2903,30.56935883
2904,30.64202309
2905,30.21925545
2906,30.23246765
2907,30.42073059
2908,30.11026001
2909,29.9649353
2910,30.36458206
2911,30.41082191
2912,30.34806633
2913,30.15649986
2914,30.28861618
2915,30.31173515
2916,30.38439941
2917,30.25558662
2918,30.34806633
2919,30.41082191
2920,30.30843353
2921,30.45045662
2922,30.14659119
2923,30.22255898
2924,30.29522133
2925,30.39760971
2926,30.27540398
2927,30.14659119
2928,30.31834221
2929,30.37449074
2930,30.12347221
2931,30.09044266
2932,29.85263634
2933,29.87905884
2934,30.05080986
2935,29.7304306
2936,29.89227104
2937,30.20934677
2938,30.09044266
2939,29.89887619
2940,29.80970001
2941,29.91869354
2942,29.68088722
2943,29.72052193
2944,29.9649353
2945,30.2126503
2946,30.16971207
2947,30.5132103
2948,30.29852486
2949,30.57596588
2950,30.13338089
2951,29.98475075
2952,31.12093735
2953,30.81046867
2954,31.29268837
2955,31.09451485
2956,30.92937279
2957,31.20351028
2958,31.01524735
2959,31.13745308
2960,31.35213852
2961,31.07469749
2962,31.36865425
2963,31.31250381
2964,31.29268837
2965,31.3752594
2966,31.28608131
2967,31.55031204
2968,31.35213852
2969,31.6758194
2970,32.13491821
2971,31.72206116
2972,31.28277969
2973,32.19437027
2974,32.69971085
2975,32.32978821
2976,32.24391174
2977,32.30666733
2978,32.72943497
2979,32.5378685
2980,32.62704468
2981,33.20504761
2982,33.03660202
2983,32.54777908
2984,33.04650879
2985,32.89457703
2986,32.97054291
2987,32.54777908
2988,33.15220261
2989,33.03990555
2990,33.1654129
2991,32.95733261
2992,32.94412231
2993,32.93091202
2994,32.51805115
2995,32.56098938
2996,32.36611938
2997,32.48171997
2998,32.41896439
2999,32.04243851
3000,32.20428085
3001,31.72866631
3002,32.16464615
3003,32.08868027
3004,31.72536278
3005,31.9499588
3006,31.77160263
3007,31.07139587
3008,31.26956749
3009,31.26626396
3010,30.80056
3011,31.02185249
3012,30.86001205
3013,30.98552132
3014,30.35797501
3015,30.77083397
3016,30.05741501
3017,28.79241562
3018,28.03275681
3019,27.87091637
3020,27.38869667
3021,27.25327873
3022,27.05841064
3023,26.57288742
3024,25.86277199
3025,25.44991302
3026,25.25834656
3027,25.30128479
3028,25.64808464
3029,25.58863449
3030,25.02714539
3031,24.42932701
3032,23.39222717
3033,23.63333511
3034,23.7885704
3035,23.65975952
3036,22.53678322
3037,22.49384689
3038,21.97859955
3039,21.35765839
3040,22.01493073
3041,21.64170456
3042,20.51212502
3043,20.80938339
3044,20.69708633
3045,20.98443604
3046,21.24866486
3047,20.66405678
3048,20.66075516
3049,21.26848221
3050,21.55583191
3051,21.90593529
3052,21.86630058
3053,21.87620926
3054,22.79771042
3055,23.03221321
3056,22.84725189
3057,22.37163925
3058,22.17016602
3059,22.26925087
3060,22.0512619
3061,21.83987808
3062,22.13383293
3063,22.66559601
3064,22.30888557
3065,22.88358498
3066,23.56067276
3067,23.59039879
3068,23.57388306
3069,23.05863571
3070,22.75807571
3071,23.04872894
3072,22.30228043
3073,22.19658661
3074,23.39883232
3075,23.80838776
3076,23.88105011
3077,22.84395027
3078,22.36833572
3079,22.26594925
3080,22.75146866
3081,22.94303513
3082,23.02891159
3083,23.03551674
3084,22.66889763
3085,23.01239586
3086,22.91000748
3087,23.53755188
3088,23.61021614
3089,23.43185997
3090,23.46819305
3091,23.50452423
3092,23.75554276
3093,23.46819305
3094,23.65645599
3095,23.73242188
3096,24.6109848
3097,23.9702282
3098,23.09827042
3099,23.14451218
3100,23.10157394
3101,23.50782585
3102,24.06931305
3103,23.42855835
3104,23.7753582
3105,23.70269585
3106,23.88765717
3107,24.39960098
3108,24.46235657
3109,25.7207489
3110,25.367342
3111,24.8586998
3112,24.87521362
3113,25.29467773
3114,25.23192406
3115,25.20219803
3116,24.80915642
3117,25.10311127
3118,25.34091949
3119,25.69762802
3120,26.65546036
3121,26.92629623
3122,28.18468857
3123,27.92376137
3124,27.68925858
3125,27.26979446
3126,27.45475388
3127,27.28630829
3128,27.06171227
3129,27.7586174
3130,32.87145996
3131,33.91516495
3132,29.62143517
3133,28.37625504
3134,28.25074577
3135,28.13514519
3136,27.12776947
3137,28.2804718
3138,23.56397629
3139,27.58686829
3140,27.76852608
3141,27.72228622
3142,27.34245682
3143,27.38539505
3144,27.99972725
3145,27.79825211
3146,28.21111107
3147,28.91462135
3148,28.21111107
3149,28.04927063
3150,28.84526253
3151,28.99058914
3152,28.45222092
3153,28.57773018
3154,28.56451797
3155,28.03936195
3156,27.74210358
3157,28.58433533
3158,29.03352547
3159,29.53886414
3160,29.62143517
,
,
