time,pressure
1,0
2,990.6682129
3,990.657959
4,990.6665039
5,990.6853027
6,990.6506348
7,990.6374512
8,990.6638184
9,990.6337891
10,990.6662598
11,990.6330566
12,990.6237793
13,990.6455078
14,990.6418457
15,990.6459961
16,990.6374512
17,990.8483887
18,990.8144531
19,990.8061523
20,990.8154297
21,990.828125
22,990.8105469
23,990.817627
24,990.8344727
25,990.8251953
26,990.7675781
27,990.8027344
28,990.8056641
29,990.7993164
30,990.791748
31,990.7731934
32,990.7536621
33,990.7487793
34,990.7370605
35,990.7573242
36,990.7751465
37,990.7509766
38,990.7626953
39,990.8000488
40,990.8139648
41,990.8154297
42,990.8491211
43,991.1394043
44,991.3000488
45,991.4082031
46,991.4084473
47,991.4384766
48,991.3300781
49,991.4465332
50,991.3867188
51,991.3933105
52,991.4335938
53,991.3620605
54,991.4919434
55,991.3896484
56,991.3693848
57,991.3359375
58,991.3208008
59,991.3549805
60,991.3635254
61,991.3937988
62,991.3498535
63,991.4155273
64,991.307373
65,991.3383789
66,991.3684082
67,991.3840332
68,991.3972168
69,991.4143066
70,991.1687012
71,991.3376465
72,991.4123535
73,991.2900391
74,991.3149414
75,991.3029785
76,991.2727051
77,991.40625
78,991.2470703
79,991.3029785
80,991.3840332
81,991.4038086
82,991.425293
83,991.4545898
84,991.4382324
85,991.3986816
86,991.348877
87,991.5178223
88,991.4350586
89,991.404541
90,991.4296875
91,991.4289551
92,991.454834
93,991.4672852
94,991.4863281
95,991.4829102
96,991.395752
97,991.310791
98,991.3581543
99,991.2980957
100,991.4301758
101,991.4938965
102,991.4094238
103,991.4467773
104,991.411377
105,991.427002
106,991.4863281
107,991.4584961
108,991.3989258
109,991.53125
110,991.4335938
111,991.4658203
112,991.545166
113,991.4616699
114,991.5024414
115,991.3977051
116,991.4819336
117,991.3981934
118,991.440918
119,991.473877
120,991.5014648
121,991.5234375
122,991.4165039
123,991.5083008
124,991.4072266
125,991.4648438
126,991.4614258
127,991.5004883
128,991.4628906
129,991.5068359
130,991.5202637
131,991.53125
132,991.5593262
133,991.5559082
134,991.5578613
135,991.6005859
136,991.6237793
137,991.5332031
138,991.5256348
139,991.5517578
140,991.6152344
141,991.6118164
142,991.5322266
143,991.6030273
144,991.470459
145,991.3925781
146,991.4838867
147,991.3635254
148,991.355957
149,991.3618164
150,991.357666
151,991.355957
152,991.2805176
153,991.0688477
154,991.3103027
155,991.2756348
156,991.2036133
157,991.2536621
158,991.2915039
159,991.2941895
160,991.3007813
161,991.3093262
162,991.3413086
163,991.2553711
164,991.1938477
165,991.248291
166,991.2919922
167,991.2446289
168,991.3376465
169,991.3574219
170,991.3049316
171,991.3598633
172,991.3227539
173,991.3466797
174,991.2709961
175,991.1921387
176,991.2587891
177,991.3012695
178,991.2033691
179,991.2429199
180,991.2348633
181,991.1298828
182,991.2834473
183,991.3859863
184,991.2634277
185,991.2304688
186,991.1755371
187,991.2561035
188,991.1679688
189,991.3532715
190,991.3215332
191,991.2641602
192,991.2436523
193,991.2998047
194,991.2133789
195,991.3288574
196,991.1833496
197,991.2907715
198,991.2678223
199,991.2683105
200,991.2333984
201,991.2666016
202,991.2099609
203,991.2160645
204,991.2897949
205,991.2854004
206,991.2739258
207,990.4445801
208,987.4035645
209,982.947998
210,978.5942383
211,974.3293457
212,969.7912598
213,965.0725098
214,959.6503906
215,953.5822754
216,948.2214355
217,943.3696289
218,938.9587402
219,935.0847168
220,931.720459
221,927.953125
222,924.0957031
223,920.5300293
224,916.1694336
225,911.6933594
226,907.1398926
227,903.4912109
228,900.7382813
229,898.173584
230,895.7502441
231,892.7126465
232,888.3930664
233,884.6271973
234,881.3156738
235,878.2768555
236,874.8825684
237,871.6784668
238,868.6330566
239,866.6276855
240,863.9907227
241,861.5349121
242,857.7924805
243,855.3933105
244,853.0495605
245,850.6699219
246,847.6813965
247,845.0712891
248,842.7041016
249,840.496582
250,838.4260254
251,836.2133789
252,833.9667969
253,831.9211426
254,828.9377441
255,826.4169922
256,823.0463867
257,820.4399414
258,818.3818359
259,816.3857422
260,814.3815918
261,812.5166016
262,810.3771973
263,808.5029297
264,806.5810547
265,804.5568848
266,802.5593262
267,800.654541
268,798.8227539
269,796.8930664
270,794.8134766
271,792.1875
272,788.753418
273,786.4047852
274,784.4204102
275,782.3955078
276,780.2036133
277,777.9953613
278,775.5996094
279,773.5029297
280,770.7138672
281,768.2634277
282,766.4399414
283,764.4650879
284,762.4255371
285,760.4975586
286,758.6271973
287,756.5578613
288,754.517334
289,752.4631348
290,750.5551758
291,748.7416992
292,746.7009277
293,744.9006348
294,743.0476074
295,741.0722656
296,739.161377
297,737.1179199
298,734.9709473
299,733.0324707
300,730.9414063
301,728.1437988
302,725.5681152
303,722.8295898
304,720.104248
305,718.1362305
306,715.7075195
307,713.8986816
308,711.9592285
309,710.0622559
310,707.8945313
311,706.1362305
312,704.2321777
313,702.2434082
314,700.3259277
315,698.463623
316,696.6567383
317,694.6567383
318,692.970459
319,691.2414551
320,689.4086914
321,687.5996094
322,685.7668457
323,684.0334473
324,682.3190918
325,680.5876465
326,678.8718262
327,677.1960449
328,675.4404297
329,673.782959
330,672.1132813
331,670.3703613
332,667.9873047
333,666.2202148
334,664.552002
335,663.0576172
336,661.2285156
337,659.3366699
338,657.4960938
339,655.5959473
340,653.7512207
341,651.6582031
342,649.6071777
343,647.8347168
344,646.1958008
345,644.6867676
346,643.1689453
347,641.4958496
348,639.9436035
349,638.4562988
350,636.6877441
351,634.9838867
352,633.3027344
353,631.4680176
354,629.5249023
355,627.7416992
356,626.107666
357,624.4968262
358,622.6804199
359,620.0449219
360,617.7880859
361,615.2463379
362,613.5400391
363,611.7824707
364,609.7973633
365,607.3435059
366,605.4609375
367,603.5063477
368,601.3310547
369,598.7165527
370,596.326416
371,594.1950684
372,591.4033203
373,589.1811523
374,586.371582
375,583.0546875
376,580.7336426
377,578.986084
378,577.1286621
379,574.0617676
380,570.6318359
381,567.3173828
382,564.2695313
383,560.5839844
384,557.2426758
385,554.1760254
386,550.7788086
387,547.0085449
388,543.1738281
389,539.6447754
390,536.3969727
391,533.4260254
392,531.1625977
393,528.5822754
394,526.4887695
395,522.9575195
396,520.1616211
397,517.6013184
398,514.467041
399,512.270752
400,509.6540527
401,507.548584
402,505.4819336
403,503.7561035
404,502.0588379
405,500.0258789
406,498.3552246
407,496.4846191
408,494.4650879
409,492.6159668
410,490.9606934
411,489.2600098
412,487.4975586
413,485.8195801
414,484.1672363
415,482.6291504
416,481.0263672
417,479.4174805
418,477.5717773
419,475.9682617
420,474.4501953
421,473.0791016
422,471.6931152
423,470.3029785
424,468.8359375
425,467.670166
426,466.519043
427,465.199707
428,464.0151367
429,462.8713379
430,461.5327148
431,460.3005371
432,459.1567383
433,457.939209
434,456.8579102
435,455.4750977
436,454.3461914
437,453.1376953
438,451.7387695
439,450.2233887
440,448.5576172
441,446.8945313
442,445.3681641
443,444.109375
444,442.8447266
445,441.6181641
446,440.3293457
447,439.1269531
448,437.8227539
449,436.4562988
450,435.142334
451,433.6662598
452,432.3981934
453,431.0661621
454,429.8522949
455,428.6936035
456,427.4230957
457,426.2463379
458,425.0039063
459,423.7819824
460,422.4445801
461,421.2202148
462,419.8974609
463,418.6877441
464,417.2885742
465,416.1311035
466,414.9001465
467,413.7458496
468,412.3725586
469,411.2241211
470,410.0991211
471,408.7285156
472,407.510498
473,406.2924805
474,405.0231934
475,403.6777344
476,402.4887695
477,401.3598633
478,400.1115723
479,398.9248047
480,397.5541992
481,396.3479004
482,395.1062012
483,393.9187012
484,392.7412109
485,391.4858398
486,390.2133789
487,389.0595703
488,387.7978516
489,386.5949707
490,385.3383789
491,384.2182617
492,383.1206055
493,381.8503418
494,380.7775879
495,379.6018066
496,378.4255371
497,377.201416
498,375.9694824
499,374.6894531
500,373.5615234
501,372.331543
502,371.2226563
503,370.1271973
504,368.8444824
505,367.6948242
506,366.5654297
507,365.3469238
508,364.1352539
509,362.9575195
510,361.7675781
511,360.7145996
512,359.4890137
513,358.3237305
514,357.1848145
515,355.8669434
516,354.5668945
517,352.5302734
518,351.2207031
519,349.6330566
520,348.3620605
521,346.9587402
522,345.6491699
523,343.9465332
524,342.6677246
525,341.1484375
526,339.8959961
527,338.8703613
528,337.8105469
529,336.6938477
530,335.6166992
531,334.5090332
532,333.3908691
533,332.3491211
534,330.9279785
535,329.8244629
536,328.7956543
537,327.744873
538,326.7990723
539,325.8168945
540,324.8017578
541,323.7094727
542,322.6855469
543,321.7336426
544,320.6489258
545,319.5842285
546,318.4572754
547,317.1618652
548,315.8391113
549,314.762207
550,313.6352539
551,312.5380859
552,311.5646973
553,310.4577637
554,309.4152832
555,308.4287109
556,307.2226563
557,306.1164551
558,305.0375977
559,303.9291992
560,302.9746094
561,301.9663086
562,300.949707
563,299.7495117
564,298.6181641
565,297.1901855
566,295.826416
567,294.5087891
568,293.2875977
569,292.1877441
570,291.0776367
571,289.9335938
572,288.6804199
573,287.0751953
574,285.7990723
575,284.7211914
576,283.7314453
577,282.8381348
578,281.7597656
579,280.6672363
580,279.5078125
581,278.2983398
582,277.2016602
583,276.026123
584,275.0402832
585,273.9648438
586,272.8908691
587,271.8046875
588,270.800293
589,269.8601074
590,268.824707
591,267.829834
592,266.7873535
593,265.8596191
594,264.9338379
595,263.9782715
596,262.9882813
597,262.0195313
598,261.098877
599,260.2104492
600,259.3151855
601,258.4128418
602,257.4638672
603,256.394043
604,255.505127
605,254.6508789
606,253.7299805
607,252.8012695
608,251.9228516
609,251.0241699
610,250.0930176
611,249.1530762
612,248.2172852
613,247.3378906
614,246.4082031
615,245.5539551
616,244.6083984
617,243.6972656
618,242.6726074
619,241.8918457
620,241.0424805
621,240.1784668
622,239.3120117
623,238.4733887
624,237.6914063
625,236.7258301
626,235.8952637
627,235.0292969
628,234.0847168
629,233.1945801
630,232.3828125
631,231.6335449
632,230.859375
633,230.0571289
634,229.3188477
635,228.6142578
636,227.7609863
637,226.9873047
638,226.2072754
639,225.3513184
640,224.5742188
641,223.7045898
642,222.9780273
643,222.0537109
644,221.157959
645,220.2902832
646,219.5087891
647,218.5717773
648,217.7470703
649,216.8134766
650,215.8803711
651,215.03125
652,214.1264648
653,213.2280273
654,212.4440918
655,211.560791
656,210.7324219
657,209.9453125
658,209.0644531
659,208.2624512
660,207.4204102
661,206.5571289
662,205.6809082
663,204.861084
664,204.0766602
665,203.3620605
666,202.5395508
667,201.7375488
668,200.9465332
669,199.9802246
670,199.2258301
671,198.2719727
672,197.3254395
673,196.5883789
674,195.7902832
675,195.0378418
676,194.2597656
677,193.4785156
678,192.7236328
679,192.0576172
680,191.2419434
681,190.4233398
682,189.7043457
683,188.8684082
684,188.0488281
685,187.2805176
686,186.5280762
687,185.6672363
688,184.9321289
689,184.1340332
690,183.3476563
691,182.5407715
692,181.8503418
693,181.1237793
694,180.3300781
695,179.5939941
696,178.8430176
697,178.1479492
698,177.385498
699,176.6950684
700,175.9460449
701,175.263916
702,174.4135742
703,173.7797852
704,173.0615234
705,172.2990723
706,171.5087891
707,170.7692871
708,170.034668
709,169.3271484
710,168.6064453
711,167.8842773
712,167.1647949
713,166.3266602
714,165.6247559
715,164.9211426
716,164.0842285
717,163.2412109
718,162.4882813
719,161.7033691
720,160.9587402
721,160.2285156
722,159.5463867
723,158.8408203
724,158.0622559
725,157.3354492
726,156.6352539
727,155.9846191
728,155.2729492
729,154.5864258
730,153.9858398
731,153.4038086
732,152.7614746
733,152.161377
734,151.5727539
735,150.9802246
736,150.3950195
737,149.8483887
738,149.2001953
739,148.6181641
740,147.9931641
741,147.4375
742,146.8120117
743,146.2038574
744,145.5876465
745,145.0178223
746,144.4099121
747,143.8068848
748,143.3007813
749,142.5673828
750,141.9538574
751,141.3708496
752,140.7387695
753,140.043457
754,139.3063965
755,138.6948242
756,138.1286621
757,137.467041
758,136.8713379
759,136.21875
760,135.625
761,134.9309082
762,134.3476563
763,133.6884766
764,133.026123
765,132.378418
766,131.7490234
767,131.0512695
768,130.2868652
769,129.7556152
770,129.1555176
771,128.4929199
772,127.8098145
773,127.1970215
774,126.5620117
775,125.9123535
776,125.3037109
777,124.6745605
778,124.1191406
779,123.4838867
780,122.9619141
781,122.390625
782,121.7373047
783,121.2128906
784,120.5683594
785,120.0351563
786,119.453125
787,118.8369141
788,118.2302246
789,117.6696777
790,117.1230469
791,116.6337891
792,116.0581055
793,115.467041
794,114.8913574
795,114.2878418
796,113.7526855
797,113.206543
798,112.6022949
799,111.9897461
800,111.4394531
801,110.8759766
802,110.3483887
803,109.8349609
804,109.3193359
805,108.7763672
806,108.2275391
807,107.6630859
808,107.1081543
809,106.5905762
810,106.104248
811,105.6674805
812,105.0686035
813,104.5571289
814,104.0654297
815,103.5563965
816,102.9870605
817,102.4338379
818,101.973877
819,101.4992676
820,100.9445801
821,100.4516602
822,99.98657227
823,99.46166992
824,99.01831055
825,98.5324707
826,97.98803711
827,97.44067383
828,96.94506836
829,96.46557617
830,96.03735352
831,95.57910156
832,95.11962891
833,94.74829102
834,94.23681641
835,93.77172852
836,93.28173828
837,92.70507813
838,92.13598633
839,91.72363281
840,91.30786133
841,90.84643555
842,90.37280273
843,89.99462891
844,89.51171875
845,88.93139648
846,88.52856445
847,88.0402832
848,87.56982422
849,87.10498047
850,86.65112305
851,86.18261719
852,85.73461914
853,85.31323242
854,84.88842773
855,84.43505859
856,83.90625
857,83.42749023
858,82.93359375
859,82.49658203
860,81.96899414
861,81.59936523
862,81.1574707
863,80.81274414
864,80.39575195
865,80.02612305
866,79.63305664
867,79.20703125
868,78.85839844
869,78.44677734
870,78.09204102
871,77.66308594
872,77.39892578
873,77.04492188
874,76.74072266
875,76.39477539
876,76.1027832
877,75.78173828
878,75.42895508
879,75.10888672
880,74.76904297
881,74.48168945
882,74.11230469
883,73.7590332
884,73.4074707
885,73.05932617
886,72.70239258
887,72.30078125
888,71.93920898
889,71.56494141
890,71.17529297
891,70.73950195
892,70.36889648
893,70.00170898
894,69.64355469
895,69.25219727
896,68.92480469
897,68.58129883
898,68.24462891
899,67.88818359
900,67.53320313
901,67.20654297
902,66.8972168
903,66.56469727
904,66.27416992
905,65.9621582
906,65.68237305
907,65.30566406
908,65.046875
909,64.73706055
910,64.44604492
911,64.14160156
912,63.8815918
913,63.5715332
914,63.29248047
915,62.94335938
916,62.68334961
917,62.31054688
918,62.02685547
919,61.70166016
920,61.37744141
921,61.13110352
922,60.80957031
923,60.55639648
924,60.2578125
925,59.92089844
926,59.63037109
927,59.31445313
928,59.07177734
929,58.73364258
930,58.43676758
931,58.03100586
932,57.57421875
933,57.1159668
934,56.72167969
935,56.41503906
936,56.17382813
937,55.87915039
938,55.61816406
939,55.31225586
940,55.03442383
941,54.7746582
942,54.57006836
943,54.2253418
944,53.99194336
945,53.85058594
946,53.60961914
947,53.40039063
948,53.10424805
949,52.89086914
950,52.63769531
951,52.41748047
952,52.17578125
953,51.94091797
954,51.64575195
955,51.38330078
956,51.09887695
957,50.84277344
958,50.57495117
959,50.30932617
960,50.02270508
961,49.73242188
962,49.46508789
963,49.22216797
964,48.96655273
965,48.70947266
966,48.43286133
967,48.20092773
968,47.88549805
969,47.66723633
970,47.3527832
971,47.10351563
972,46.87890625
973,46.64550781
974,46.43310547
975,46.04907227
976,45.87988281
977,45.59863281
978,45.34765625
979,45.18676758
980,44.96533203
981,44.70898438
982,44.48852539
983,44.27758789
984,44.02001953
985,43.77124023
986,43.54394531
987,43.33520508
988,43.09375
989,42.84326172
990,42.63354492
991,42.40063477
992,42.19262695
993,41.9934082
994,41.74365234
995,41.53735352
996,41.30834961
997,41.15869141
998,40.93286133
999,40.66430664
1000,40.44995117
1001,40.26000977
1002,40.06176758
1003,39.79760742
1004,39.59936523
1005,39.41577148
1006,39.17871094
1007,38.96606445
1008,38.76928711
1009,38.61303711
1010,38.36157227
1011,38.16650391
1012,37.95825195
1013,37.77880859
1014,37.57885742
1015,37.37255859
1016,37.20947266
1017,37.04321289
1018,36.82202148
1019,36.65625
1020,36.47583008
1021,36.27539063
1022,36.10009766
1023,35.92895508
1024,35.73803711
1025,35.56274414
1026,35.3815918
1027,35.1953125
1028,35.01147461
1029,34.79394531
1030,34.59228516
1031,34.4621582
1032,34.22973633
1033,34.04052734
1034,33.81494141
1035,33.50415039
1036,33.33032227
1037,33.16967773
1038,32.96655273
1039,32.79516602
1040,32.58740234
1041,32.41699219
1042,32.21386719
1043,32.02514648
1044,31.89208984
1045,31.67163086
1046,31.46435547
1047,31.2956543
1048,31.09082031
1049,30.9387207
1050,30.77148438
1051,30.54785156
1052,30.42797852
1053,30.26293945
1054,30.06201172
1055,29.89697266
1056,29.7109375
1057,29.57861328
1058,29.36962891
1059,29.21142578
1060,29.05297852
1061,28.89794922
1062,28.75170898
1063,28.58276367
1064,28.4675293
1065,28.24291992
1066,28.16870117
1067,28.01123047
1068,27.89135742
1069,27.71044922
1070,27.56665039
1071,27.42382813
1072,27.24267578
1073,27.09326172
1074,26.96533203
1075,26.83544922
1076,26.63867188
1077,26.52954102
1078,26.40649414
1079,26.25634766
1080,26.08007813
1081,25.91577148
1082,25.82763672
1083,25.67407227
1084,25.48803711
1085,25.33984375
1086,25.46972656
1087,26.55786133
1088,27.61694336
1089,28.73046875
1090,29.83520508
1091,30.85546875
1092,32.12915039
1093,33.28808594
1094,34.35498047
1095,35.82763672
1096,37.01586914
1097,38.06494141
1098,39.46118164
1099,40.67700195
1100,41.96801758
1101,43.29882813
1102,44.7097168
1103,46.11425781
1104,47.44067383
1105,48.89477539
1106,50.31152344
1107,51.74121094
1108,53.15258789
1109,54.80053711
1110,56.21850586
1111,57.79541016
1112,59.56201172
1113,61.67041016
1114,63.31469727
1115,64.86669922
1116,66.45605469
1117,68.22973633
1118,69.79931641
1119,71.49975586
1120,73.37133789
1121,75.07666016
1122,76.66967773
1123,78.5324707
1124,80.42236328
1125,82.09008789
1126,83.77929688
1127,85.84008789
1128,87.72900391
1129,89.6953125
1130,91.49584961
1131,93.66821289
1132,95.68823242
1133,97.74755859
1134,99.83813477
1135,101.8632813
1136,103.673584
1137,105.6564941
1138,107.4606934
1139,109.6652832
1140,111.675293
1141,113.6767578
1142,115.8200684
1143,117.7312012
1144,119.796875
1145,122.1425781
1146,124.5007324
1147,126.7414551
1148,128.9230957
1149,131.1943359
1150,133.5744629
1151,135.9245605
1152,137.984375
1153,140.3100586
1154,142.5563965
1155,144.7993164
1156,147.0822754
1157,149.5437012
1158,151.9008789
1159,154.1367188
1160,156.5075684
1161,158.9125977
1162,161.1696777
1163,163.4516602
1164,166.0234375
1165,168.3337402
1166,170.6376953
1167,173.170166
1168,175.7248535
1169,178.2609863
1170,180.8989258
1171,183.6027832
1172,186.3498535
1173,188.9577637
1174,191.4147949
1175,194.0441895
1176,196.4975586
1177,199.0986328
1178,201.8305664
1179,204.9775391
1180,207.5732422
1181,210.2746582
1182,213.1135254
1183,216.0576172
1184,218.9006348
1185,221.8137207
1186,224.9389648
1187,227.6682129
1188,230.6623535
1189,233.8154297
1190,236.8293457
1191,239.9108887
1192,242.9072266
1193,246.0161133
1194,248.9272461
1195,251.592041
1196,254.3337402
1197,257.7980957
1198,260.6767578
1199,263.6252441
1200,266.7163086
1201,269.9648438
1202,273.168457
1203,276.2727051
1204,279.1972656
1205,282.4230957
1206,285.3195801
1207,288.1086426
1208,291.3303223
1209,294.3222656
1210,297.1870117
1211,300.375
1212,303.4831543
1213,306.4919434
1214,309.5639648
1215,312.5205078
1216,315.5891113
1217,318.5827637
1218,321.4799805
1219,324.7961426
1220,327.8928223
1221,330.907959
1222,334.2680664
1223,337.6386719
1224,340.6860352
1225,343.7980957
1226,346.8503418
1227,350.4074707
1228,353.4594727
1229,356.5756836
1230,360.09375
1231,363.1911621
1232,366.3310547
1233,369.8161621
1234,373.3017578
1235,376.6213379
1236,379.9902344
1237,383.1530762
1238,386.6904297
1239,389.871582
1240,393.1015625
1241,396.6147461
1242,400.0021973
1243,403.2072754
1244,406.782959
1245,410.3449707
1246,413.671875
1247,417.0471191
1248,420.375
1249,423.9958496
1250,427.3994141
1251,430.8586426
1252,434.6425781
1253,438.029541
1254,441.4372559
1255,445.0939941
1256,448.796875
1257,452.3999023
1258,456.6691895
1259,460.1955566
1260,464.0576172
1261,467.6220703
1262,471.0898438
1263,475.0114746
1264,478.7207031
1265,482.4960938
1266,486.2702637
1267,490.1010742
1268,493.6384277
1269,497.338623
1270,500.9445801
1271,504.9309082
1272,508.6948242
1273,512.1567383
1274,516.2636719
1275,519.9245605
1276,523.5476074
1277,527.4755859
1278,531.5505371
1279,535.9709473
1280,539.8867188
1281,543.9118652
1282,548.0598145
1283,552.0131836
1284,555.777832
1285,559.6032715
1286,563.5041504
1287,567.2717285
1288,571.3837891
1289,575.6293945
1290,579.8259277
1291,583.979248
1292,588.1918945
1293,592.3083496
1294,596.3630371
1295,600.0385742
1296,604.206543
1297,608.0622559
1298,611.9697266
1299,616.5539551
1300,620.7453613
1301,624.7929688
1302,628.5944824
1303,632.5388184
1304,636.7768555
1305,640.8469238
1306,644.6801758
1307,648.9985352
1308,652.9335938
1309,656.8583984
1310,661.2529297
1311,665.5212402
1312,669.6955566
1313,673.6123047
1314,677.6911621
1315,681.9875488
1316,685.8747559
1317,689.7871094
1318,693.9321289
1319,698.0151367
1320,701.9714355
1321,706.2143555
1322,710.4023438
1323,714.2851563
1324,718.2619629
1325,722.2819824
1326,726.4716797
1327,730.361084
1328,734.3308105
1329,738.5620117
1330,742.6242676
1331,746.5913086
1332,750.9963379
1333,755.5202637
1334,759.859375
1335,764.2214355
1336,768.5600586
1337,773.2824707
1338,777.907959
1339,782.3674316
1340,787.6411133
1341,792.5478516
1342,797.3945313
1343,802.6184082
1344,807.8513184
1345,812.989502
1346,817.8952637
1347,822.604248
1348,827.7441406
1349,832.5253906
1350,837.0146484
1351,841.9440918
1352,846.6601563
1353,851.2392578
1354,855.71875
1355,859.8251953
1356,863.6779785
1357,867.3103027
1358,870.5856934
1359,873.5080566
1360,876.1794434
1361,878.7565918
1362,881.5324707
1363,884.3259277
1364,887.4912109
1365,891.4196777
1366,895.0593262
1367,898.0866699
1368,901.5319824
1369,905.0791016
1370,908.963623
1371,912.5510254
1372,916.576416
1373,921.1254883
1374,925.331543
1375,929.5183105
1376,933.7019043
1377,938.3134766
1378,942.6679688
1379,946.3696289
1380,950.0209961
1381,953.1000977
1382,955.6879883
1383,959.114502
1384,963.9624023
1385,968.7070313
1386,973.1723633
1387,979.2036133
1388,985.0773926
1389,989.4868164
1390,993.3671875
1391,995.6791992
1392,999.3110352
1393,1001.106445
1394,1001.073242
1395,1001.042969
1396,1001.135986
1397,1000.924805
1398,1001.010986
1399,1001.003174
1400,1001.085693
1401,1001.06665
1402,1001.056641
1403,1001.105957
1404,1001.104248
1405,1001.125488
1406,1001.181396
1407,1001.243652
1408,1001.23877
1409,1001.099609
1410,1001.014648
1411,1001.116943
1412,1000.973389
1413,1001.049805
1414,1001.029297
1415,1001.015625
1416,1001.029053
1417,1001.01001
1418,1001.030762
1419,1001.041748
1420,1001.020996
1421,1000.985596
1422,1001.027344
1423,1000.990967
1424,1001.021484
1425,1001.057617
1426,1001.037109
1427,1001.046387
1428,1001.043945
1429,1001.058594
1430,1001.07373
1431,1001.091553
1432,1001.088867
1433,1001.0896
1434,1001.127441
1435,1001.15625
1436,1001.095215
1437,1001.162842
1438,1001.191406
1439,1001.179199
1440,1001.167725
1441,1001.045898
1442,1001.327148
1443,1001.41626
1444,1001.421387
1445,1001.353271
1446,1001.360352
1447,1001.428711
1448,1001.42041
1449,1001.392822
1450,1001.414551
1451,1001.299805
1452,1001.342773
1453,1001.384033
1454,1001.510498
1455,1001.375
1456,1001.473633
1457,1001.4729
1458,1001.282471
1459,1001.508545
1460,1001.488281
1461,1001.501709
1462,1001.470459
1463,1001.486572
1464,1001.499023
1465,1001.485107
1466,1001.465576
1467,1001.538086
1468,1001.510498
1469,1001.548584
1470,1001.514893
1471,1001.530273
1472,1001.546143
1473,1001.472412
1474,1001.590576
1475,1001.573975
1476,1001.572754
1477,1001.554688
1478,1001.583252
1479,1001.53833
1480,1001.578125
1481,1001.635498
1482,1001.621094
1483,1001.616455
1484,1001.625244
1485,1001.643799
1486,1001.650391
1487,1001.605225
1488,1001.603027
1489,1001.633057
1490,1001.663574
1491,1001.676514
1492,1001.575928
1493,1001.699219
1494,1001.74707
1495,1001.706787
1496,1001.719971
1497,1001.705811
1498,1001.643066
1499,1001.721924
1500,1001.768311
1501,1001.664551
1502,1001.693115
1503,1001.70874
1504,1001.744385
1505,1001.733887
1506,1001.726563
1507,1001.780518
1508,1001.747803
1509,1001.776611
1510,1001.766357
1511,1001.751465
1512,1001.703857
1513,1001.702881
1514,1001.725342
1515,1001.730469
1516,1001.751465
1517,1001.696533
1518,1001.765869
1519,1001.750977
1520,1001.777344
1521,1001.758545
1522,1001.761963
1523,1001.802734
1524,1001.72583
1525,1001.757813
1526,1001.776367
1527,1001.779053
1528,1001.741699
1529,1001.642822
1530,1001.698486
1531,1001.707764
1532,1001.729248
1533,1001.763672
1534,1001.726074
1535,1001.758057
1536,1001.709961
1537,1001.76001
1538,1001.776611
1539,1001.767822
1540,1001.769287
1541,1001.809082
1542,1001.805908
1543,1001.915283
1544,1001.766846
1545,1001.807129
1546,1001.797852
1547,1001.795654
1548,1001.826172
1549,1001.910156
1550,1001.886719
1551,1001.823242
1552,1001.918945
1553,1001.849854
1554,1001.835205
1555,1001.918213
1556,1001.840088
1557,1001.84668
1558,1001.709229
1559,1001.86499
1560,1001.846924
1561,1001.87207
1562,1001.898438
1563,1001.846436
1564,1001.875977
1565,1001.81543
1566,1001.874023
1567,1001.865479
1568,1001.870361
1569,1001.852539
1570,1001.866943
1571,1001.853516
1572,1001.729248
1573,1001.888672
1574,1001.922607
1575,1001.905762
1576,1001.860596
1577,1001.89209
1578,1001.922119
1579,1001.863281
1580,1001.927979
1581,1001.910645
1582,1001.901123
1583,1001.872803
1584,1001.903564
1585,1001.858887
1586,1001.925293
1587,1001.925049
1588,1001.937988
1589,1001.975586
1590,1001.946045
1591,1001.918213
1592,1001.952881
1593,1001.96875
1594,1001.892822
1595,1001.988281
1596,1002.00293
1597,1001.968018
1598,1002.003662
1599,1001.958252
1600,1002.005859
1601,1001.993408
1602,1001.969727
1603,1002.029541
1604,1002.030762
1605,1002.016113
1606,1002.04834
1607,1002.028076
1608,1002.010742
1609,1001.977051
1610,1002.008789
1611,1001.988037
1612,1002.02124
1613,1002.046875
1614,1002.082764
1615,1002.119629
1616,1002.064209
1617,1001.919434
1618,1002.018311
1619,1001.977295
1620,1002.06665
1621,1002.101318
1622,1001.986572
1623,1002.020508
1624,1002.026855
1625,1002.092773
1626,1001.941406
1627,1002.010254
1628,1002.026367
1629,1002.080322
1630,1002.039307
1631,1002.058105
1632,1002.120605
1633,1001.991211
1634,1002.133545
1635,1002.067627
1636,1002.10498
1637,1002.091064
1638,1002.121582
1639,1002.0979
1640,1002.058105
1641,1002.137207
1642,1002.08374
1643,1002.092041
1644,1002.094971
1645,1002.05542
1646,1002.10498
1647,1002.124756
1648,1002.14624
1649,1002.136963
1650,1002.144287
1651,1002.13623
1652,1002.146729
1653,1002.165283
1654,1002.152344
1655,1002.219727
1656,1002.179443
1657,1002.177246
1658,1002.122559
1659,1002.103027
1660,1001.955078
1661,1001.989502
1662,1001.960693
1663,1001.983398
1664,1001.851807
1665,1001.989258
1666,1001.876221
1667,1001.907715
1668,1001.923584
1669,1001.971436
1670,1001.943359
1671,1001.966309
1672,1001.925049
1673,1001.97168
1674,1001.951416
1675,1001.944336
1676,1001.936035
1677,1001.966553
1678,1001.962646
1679,1001.970703
1680,1001.96875
1681,1001.97168
1682,1001.966797
1683,1001.980225
1684,1002.002197
1685,1002.010742
1686,1002.023682
1687,1002.007568
1688,1002.062988
1689,1001.974854
1690,1002.032471
1691,1002.070068
1692,1001.917236
1693,1001.979492
1694,1002.007813
1695,1002.033936
1696,1002.040771
1697,1002.064209
1698,1002.108154
1699,1002.05127
1700,1002.072998
1701,1002.070313
1702,1002.028076
1703,1002.094238
1704,1002.125
1705,1002.095215
1706,1002.084961
1707,1002.103027
1708,1002.166748
1709,1002.060791
1710,1002.053955
1711,1002.126709
1712,1002.166992
1713,1002.204346
1714,1002.104492
1715,1002.150391
1716,1002.186279
1717,1002.228027
1718,1002.155029
1719,1002.157959
1720,1002.178711
1721,1002.184814
1722,1002.199463
1723,1002.165283
1724,1002.217529
1725,1002.154053
1726,1002.163818
1727,1002.185547
1728,1002.186279
1729,1002.261963
1730,1002.18335
1731,1002.21875
1732,1002.239502
1733,1002.270996
1734,1002.316406
1735,1002.208984
1736,1002.219971
1737,1002.207764
1738,1002.236572
1739,1002.260254
1740,1002.282959
1741,1002.237061
1742,1002.214355
1743,1002.220947
1744,1002.255615
1745,1002.309326
1746,1002.279297
1747,1002.260498
1748,1002.271973
1749,1002.19043
1750,1002.25293
1751,1002.256592
1752,1002.260498
1753,1002.273926
1754,1002.210693
1755,1002.236328
1756,1002.279297
1757,1002.304199
1758,1002.302002
1759,1002.30835
1760,1002.271484
1761,1002.275879
1762,1002.306396
1763,1002.288086
1764,1002.268799
1765,1002.329834
1766,1002.321533
1767,1002.339355
1768,1002.327637
1769,1002.255615
1770,1002.33252
1771,1002.279053
1772,1002.304932
1773,1002.31665
1774,1002.290283
1775,1002.259033
1776,1002.296875
1777,1002.37793
1778,1002.331299
1779,1002.314941
1780,1002.319092
1781,1002.267578
1782,1002.300293
1783,1002.320313
1784,1002.312988
1785,1002.336426
1786,1002.391846
1787,1002.316162
1788,1002.291016
1789,1002.323242
1790,1002.333496
1791,1002.216309
1792,1002.361328
1793,1002.326416
1794,1002.263672
1795,1002.399902
1796,1002.252441
1797,1002.377197
1798,1002.36792
1799,1002.311523
1800,1002.334717
1801,1002.384033
1802,1002.392578
1803,1002.374023
1804,1002.356689
1805,1002.343262
1806,1002.350342
1807,1002.367188
1808,1002.382324
1809,1002.386719
1810,1002.392578
1811,1002.369141
1812,1002.360596
1813,1002.332764
1814,1002.370361
1815,1002.385254
1816,1002.337158
1817,1002.431152
1818,1002.395508
1819,1002.402588
1820,1002.30542
1821,1002.335693
1822,1002.438965
1823,1002.319824
1824,1002.385254
1825,1002.360107
1826,1002.382324
1827,1002.36084
1828,1002.390381
1829,1002.387207
1830,1002.38623
1831,1002.386475
1832,1002.320068
1833,1002.335693
1834,1002.315918
1835,1002.39917
1836,1002.413086
1837,1002.368896
1838,1002.37085
1839,1002.3479
1840,1002.343994
1841,1002.331299
1842,1002.32373
1843,1002.338867
1844,1002.349365
1845,1002.367676
1846,1002.343994
1847,1002.376221
1848,1002.398193
1849,1002.414063
1850,1002.391846
1851,1002.335205
1852,1002.3396
1853,1002.333984
1854,1002.363525
1855,1002.442871
1856,1002.414063
1857,1002.31543
1858,1002.365967
1859,1002.372803
1860,1002.383545
1861,1002.430176
1862,1002.374512
1863,1002.456543
1864,1002.340332
1865,1002.36084
1866,1002.35498
1867,1002.372314
1868,1002.456543
1869,1002.449707
1870,1002.461914
1871,1002.391602
1872,1002.427002
1873,1002.410645
1874,1002.439697
1875,1002.47168
1876,1002.411621
1877,1002.442383
1878,1002.453369
1879,1002.452148
1880,1002.408936
1881,1002.441895
1882,1002.421875
1883,1002.436279
1884,1002.430176
1885,1002.475098
1886,1002.405518
1887,1002.432373
1888,1002.451904
1889,1002.475342
1890,1002.4021
1891,1002.437256
1892,1002.456299
1893,1002.410645
1894,1002.465088
1895,1002.459229
1896,1002.463379
1897,1002.36377
1898,1002.425049
1899,1002.398926
1900,1002.492188
1901,1002.438965
1902,1002.378662
1903,1002.415527
1904,1002.426025
1905,1002.437744
1906,1002.399414
1907,1002.459961
1908,1002.439209
1909,1002.459961
1910,1002.422119
1911,1002.402588
1912,1002.426514
1913,1002.435059
1914,1002.476074
1915,1002.43335
1916,1002.367432
1917,1002.428955
1918,1002.391113
1919,1002.460938
1920,1002.438965
1921,1002.371094
1922,1002.385498
1923,1002.431641
1924,1002.36377
1925,1002.421875
1926,1002.428223
1927,1002.403809
1928,1002.435303
1929,1002.433594
1930,1002.425537
1931,1002.440186
1932,1002.446289
1933,1002.414307
1934,1002.476807
1935,1002.438477
1936,1002.43457
1937,1002.426025
1938,1002.456543
1939,1002.442383
1940,1002.402588
1941,1002.499023
1942,1002.423584
1943,1002.383545
1944,1002.489746
1945,1002.45874
1946,1002.487305
1947,1002.521484
1948,1002.500732
1949,1002.503418
1950,1002.532959
1951,1002.487061
1952,1002.558594
1953,1002.485107
1954,1002.487305
1955,1002.506104
1956,1002.427734
1957,1002.447998
1958,1002.447754
1959,1002.486084
1960,1002.449707
1961,1002.438477
1962,1002.456543
1963,1002.468506
1964,1002.370605
1965,1002.362061
1966,1002.417725
1967,1002.447266
1968,1002.453125
1969,1002.412109
1970,1002.411133
1971,1002.476318
1972,1002.432617
1973,1002.473145
1974,1002.44165
1975,1002.454834
1976,1002.442139
1977,1002.475586
1978,1002.426025
1979,1002.48877
1980,1002.455811
1981,1002.510498
1982,1002.488525
1983,1002.442871
1984,1002.453369
1985,1002.460449
1986,1002.49707
1987,1002.458496
1988,1002.45459
1989,1002.490967
1990,1002.496826
1991,1002.424805
1992,1002.39917
1993,1002.448242
1994,1002.406982
1995,1002.459473
1996,1002.475098
1997,1002.481445
1998,1002.45874
1999,1002.477783
2000,1002.40332
2001,1002.498779
2002,1002.502441
2003,1002.39917
2004,1002.440674
2005,1002.487793
2006,1002.480957
2007,1002.450195
2008,1002.452881
2009,1002.5
2010,1002.457031
2011,1002.445557
2012,1002.423096
2013,1002.44873
2014,1002.45166
2015,1002.502197
2016,1002.482178
2017,1002.468018
2018,1002.489014
2019,1002.456055
2020,1002.408691
2021,1002.443848
2022,1002.471191
2023,1002.452637
2024,1002.463379
2025,1002.472412
2026,1002.409668
2027,1002.427246
2028,1002.438477
2029,1002.411133
2030,1002.46582
2031,1002.395752
2032,1002.406006
2033,1002.424316
2034,1002.3396
2035,1002.414063
2036,1002.428955
2037,1002.442871
2038,1002.462158
2039,1002.45752
2040,1002.439697
2041,1002.445557
2042,1002.465332
2043,1002.486572
2044,1002.439941
2045,1002.476807
2046,1002.506104
2047,1002.421875
2048,1002.430176
2049,1002.438232
2050,1002.46875
2051,1002.462402
2052,1002.477295
2053,1002.401367
2054,1002.415527
2055,1002.450928
2056,1002.473389
2057,1002.384277
2058,1002.450195
2059,1002.440674
2060,1002.492676
2061,1002.434814
2062,1002.391357
2063,1002.449951
2064,1002.460205
2065,1002.410889
2066,1002.440186
2067,1002.347412
2068,1002.371826
2069,1002.443115
2070,1002.412354
2071,1002.312988
2072,1002.414551
2073,1002.407471
2074,1002.415527
2075,1002.462402
2076,1002.448242
2077,1002.424561
2078,1002.384277
2079,1002.411865
2080,1002.373779
2081,1002.331543
2082,1002.328613
2083,1002.30249
2084,1002.333984
2085,1002.335938
2086,1002.352783
2087,1002.352539
2088,1002.355225
2089,1002.364258
2090,1002.355225
2091,1002.34082
2092,1002.340332
2093,1002.322266
2094,1002.347412
2095,1002.306152
2096,1002.288818
2097,1002.313477
2098,1002.278809
2099,1002.287109
2100,1002.334717
2101,1002.397461
2102,1002.370361
2103,1002.335449
2104,1002.382568
2105,1002.307129
2106,1002.332764
2107,1002.266846
2108,1002.338379
2109,1002.290039
2110,1002.312012
2111,1002.243652
2112,1002.280762
2113,1002.227051
2114,1002.252686
2115,1002.249512
2116,1002.256104
2117,1002.199707
2118,1002.181641
2119,1002.159668
2120,1002.150146
2121,1002.202637
2122,1002.15625
2123,1002.103516
2124,1002.084717
2125,1002.087646
2126,1002.166504
2127,1002.102295
2128,1002.112061
2129,1002.098145
2130,1002.127441
2131,1002.112061
2132,1002.148682
2133,1002.083984
2134,1002.11499
2135,1002.101563
2136,1002.061768
2137,1002.163818
2138,1002.118652
2139,1002.05542
2140,1002.092529
2141,1002.101074
2142,1002.0979
2143,1002.036377
2144,1002.121094
2145,1002.046387
2146,1002.13501
2147,1002.10083
2148,1002.176514
2149,1002.107666
2150,1002.161133
2151,1002.188232
2152,1002.13916
2153,1002.115479
2154,1002.12793
2155,1002.201904
2156,1002.225586
2157,1002.206543
2158,1002.237549
2159,1002.232422
2160,1002.289307
2161,1002.237549
2162,1002.247803
2163,1002.185059
2164,1002.21582
2165,1002.237793
2166,1002.225586
2167,1002.24585
2168,1002.241943
2169,1002.262695
2170,1002.22583
2171,1002.196045
2172,1002.24292
2173,1002.213379
2174,1002.202637
2175,1002.155029
2176,1002.236084
2177,1002.19873
2178,1002.162354
2179,1002.227783
2180,1002.182861
2181,1002.142578
2182,1002.216064
2183,1002.183594
2184,1002.24292
2185,1002.269043
2186,1002.284668
2187,1002.212646
2188,1002.226318
2189,1002.280029
2190,1002.293945
2191,1002.270752
2192,1002.261719
2193,1002.279297
2194,1002.267822
2195,1002.300293
2196,1002.30249
2197,1002.288086
2198,1002.263672
2199,1002.303467
2200,1002.273193
2201,1002.285156
2202,1002.299316
2203,1002.273193
2204,1002.3125
2205,1002.318848
2206,1002.193604
2207,1002.2854
2208,1002.293945
2209,1002.315186
2210,1002.20752
2211,1002.202148
2212,1002.294678
2213,1002.309082
2214,1002.251221
2215,1002.240234
2216,1002.249756
2217,1002.217773
2218,1002.24292
2219,1002.286133
2220,1002.182129
2221,1002.254639
2222,1002.224121
2223,1002.247803
2224,1002.245361
2225,1002.277344
2226,1002.188232
2227,1002.238037
2228,1002.25415
2229,1002.268066
2230,1002.255371
2231,1002.24292
2232,1002.223877
2233,1002.21875
2234,1002.230957
2235,1002.252441
2236,1002.256836
2237,1002.119873
2238,1002.268799
2239,1002.285889
2240,1002.258057
2241,1002.190918
2242,1002.226563
2243,1002.286621
2244,1002.24585
2245,1002.23999
2246,1002.248047
2247,1002.19873
2248,1002.183594
2249,1002.213379
2250,1002.167969
2251,1002.165527
2252,1002.158203
2253,1002.178223
2254,1002.118164
2255,1002.081299
2256,1002.112061
2257,1002.140381
2258,1002.079102
2259,1002.083984
2260,1002.10498
2261,1002.104736
2262,1002.050293
2263,1002.081543
2264,1002.083984
2265,1002.104248
2266,1002.018799
2267,1002.046631
2268,1002.059326
2269,1002.077393
2270,1002.031006
2271,1002.072754
2272,1002.074463
2273,1002.068115
2274,1002.097412
2275,1002.060059
2276,1001.987305
2277,1002.073975
2278,1002.08374
2279,1002.074219
2280,1002.040771
2281,1001.945801
2282,1002.034424
2283,1002.044189
2284,1002.096436
2285,1001.993408
2286,1002.015381
2287,1002.098145
2288,1002.080566
2289,1002.101074
2290,1002.122803
2291,1002.070557
2292,1002.011475
2293,1002.026367
2294,1002.051514
2295,1002.091309
2296,1002.084717
2297,1002.047363
2298,1002.097168
2299,1002.088867
2300,1002.062256
2301,1002.077148
2302,1002.088379
2303,1002.065918
2304,1001.991943
2305,1002.132324
2306,1002.05542
2307,1002.059082
2308,1002.064697
2309,1002.034424
2310,1002.061279
2311,1002.165527
2312,1002.042969
2313,1002.054199
2314,1002.038574
2315,1002.04248
2316,1002.059814
2317,1002.043945
2318,1002.056396
2319,1002.0625
2320,1002.03833
2321,1001.98291
2322,1002.042236
2323,1002.080811
2324,1002.021484
2325,1002.021973
2326,1002.075928
2327,1002.010742
2328,1002.052002
2329,1001.977783
2330,1002.045654
2331,1002.06665
2332,1002.067871
2333,1002.10498
2334,1002.063965
2335,1002.0271
2336,1002.041992
2337,1002.060303
2338,1002.048584
2339,1002.026367
2340,1002.036865
2341,1002.043457
2342,1002.068848
2343,1002.073486
2344,1002.063477
2345,1002.076172
2346,1002.054443
2347,1002.04248
2348,1002.0271
2349,1002.114502
2350,1002.106934
2351,1002.104248
2352,1002.072998
2353,1002.07373
2354,1002.124268
2355,1001.996582
2356,1002.092529
2357,1002.069824
2358,1002.116455
2359,1002.05957
2360,1002.064697
2361,1002.096436
2362,1002.123291
2363,1002.018555
2364,1002.128174
2365,1002.081543
2366,1002.105225
2367,1002.129883
2368,1002.102051
2369,1002.080078
2370,1002.090088
2371,1002.020752
2372,1002.01416
2373,1002.02832
2374,1001.999268
2375,1002.002441
2376,1002.037109
2377,1002.04834
2378,1002.074219
2379,1002.072266
2380,1002.075684
2381,1002.067871
2382,1002.05249
2383,1002.069824
2384,1001.997314
2385,1001.955811
2386,1002.039795
2387,1001.983154
2388,1002.021973
2389,1002.055664
2390,1002.039551
2391,1001.992188
2392,1001.947021
2393,1001.999268
2394,1001.945801
2395,1001.967529
2396,1001.959717
2397,1001.958496
2398,1001.962646
2399,1002.003418
2400,1002.046875
2401,1002.06543
2402,1001.943604
2403,1002.017822
2404,1002.030029
2405,1002.014893
2406,1001.95166
2407,1002.030029
2408,1001.999512
2409,1001.99585
2410,1002.023193
2411,1001.994873
2412,1002.03833
2413,1001.905029
2414,1001.980713
2415,1002.000977
2416,1002.107178
2417,1001.950928
2418,1002.041504
2419,1001.974609
2420,1001.994873
2421,1001.932129
2422,1002.006348
2423,1002.012207
2424,1002.033447
2425,1001.988037
2426,1001.926758
2427,1001.977295
2428,1001.984131
2429,1001.944336
2430,1001.962646
2431,1002.000977
2432,1001.996582
2433,1001.988037
2434,1001.955566
2435,1001.929932
2436,1001.803467
2437,1001.911133
2438,1001.969727
2439,1001.963623
2440,1001.921875
2441,1001.946289
2442,1001.959717
2443,1001.973877
2444,1001.941162
2445,1001.955078
2446,1001.964355
2447,1001.997803
2448,1001.878906
2449,1001.930908
2450,1001.94043
2451,1001.818115
2452,1001.919922
2453,1001.955322
2454,1001.937988
2455,1001.90332
2456,1001.914063
2457,1001.896729
2458,1001.899414
2459,1001.906006
2460,1001.906006
2461,1001.910889
2462,1001.936768
2463,1001.926758
2464,1001.894043
2465,1001.868164
2466,1001.887451
2467,1001.879639
2468,1001.875244
2469,1001.88208
2470,1001.915039
2471,1001.890869
2472,1001.891846
2473,1001.89209
2474,1001.934326
2475,1001.938232
2476,1001.894531
2477,1001.912354
2478,1001.879395
2479,1001.876221
2480,1001.903809
2481,1001.866943
2482,1001.883057
2483,1001.938721
2484,1001.89917
2485,1001.96167
2486,1002.003662
2487,1001.981445
2488,1001.993652
2489,1001.977051
2490,1001.943604
2491,1001.921631
2492,1001.919434
2493,1001.969971
2494,1001.960938
2495,1001.920898
2496,1001.954834
2497,1001.988281
2498,1001.981445
2499,1001.987549
2500,1001.968262
2501,1001.958008
2502,1001.970215
2503,1002.010986
2504,1002.033936
2505,1002.001221
2506,1001.985107
2507,1001.973145
2508,1001.980225
2509,1002.00708
2510,1001.997314
2511,1002.02832
2512,1001.988037
2513,1001.982178
2514,1002.025879
2515,1002.056885
2516,1002.018311
2517,1002.079102
2518,1002.026855
2519,1002.074951
2520,1002.020996
2521,1002.007568
2522,1002.016357
2523,1002.004883
2524,1002.021729
2525,1002.03125
2526,1001.98999
2527,1002.013428
2528,1002.017334
2529,1002.005127
2530,1002.003906
2531,1002.009033
2532,1002.031738
2533,1002.062012
2534,1002.061279
2535,1002.056641
2536,1002.033936
2537,1002.025146
2538,1002.047607
2539,1002.041016
2540,1002.01001
2541,1002.054932
2542,1002.060791
2543,1002.069824
2544,1002.097168
2545,1002.05249
2546,1002.061035
2547,1002.045166
2548,1002.085693
2549,1002.087158
2550,1002.072266
2551,1002.038574
2552,1002.07373
2553,1002.082275
2554,1002.099121
2555,1002.146973
2556,1002.14502
2557,1002.123535
2558,1002.140869
2559,1002.083984
2560,1002.126465
2561,1002.127686
2562,1002.137451
2563,1002.11377
2564,1002.128662
2565,1002.174561
2566,1002.122559
2567,1002.160645
2568,1002.165283
2569,1002.159668
2570,1002.156006
2571,1002.156006
2572,1002.127197
2573,1002.110596
2574,1002.179443
2575,1002.153076
2576,1002.159424
2577,1002.162109
2578,1002.175781
2579,1002.139893
2580,1002.173828
2581,1002.110596
2582,1002.143799
2583,1002.150391
2584,1002.162354
2585,1002.172119
2586,1002.177002
2587,1002.166748
2588,1002.188477
2589,1002.218018
2590,1002.223877
2591,1002.216064
2592,1002.218994
2593,1002.215332
2594,1002.207031
2595,1002.223633
2596,1002.209229
2597,1002.182373
2598,1002.168945
2599,1002.192139
2600,1002.214355
2601,1002.219482
2602,1002.192871
2603,1002.213379
2604,1002.179199
2605,1002.19751
2606,1002.234131
2607,1002.224121
2608,1002.208984
2609,1002.197266
2610,1002.154785
2611,1002.222168
2612,1002.244629
2613,1002.239746
2614,1002.186768
2615,1002.20874
2616,1002.205566
2617,1002.190918
2618,1002.168457
2619,1002.242432
2620,1002.219482
2621,1002.199463
2622,1002.182861
2623,1002.182861
2624,1002.241455
2625,1002.209717
2626,1002.231201
2627,1002.215332
2628,1002.218262
2629,1002.220215
2630,1002.187744
2631,1002.199707
2632,1002.223145
2633,1002.181885
2634,1002.224121
2635,1002.208984
2636,1002.223145
2637,1002.186279
2638,1002.204102
2639,1002.163818
2640,1002.187012
2641,1002.213135
2642,1002.193848
2643,1002.170898
2644,1002.177979
2645,1002.194092
2646,1002.178467
2647,1002.184326
2648,1002.141113
2649,1002.205078
2650,1002.216309
2651,1002.220703
2652,1002.201904
2653,1002.222412
2654,1002.227051
2655,1002.250244
2656,1002.240479
2657,1002.20752
2658,1002.199463
2659,1002.173096
2660,1002.171387
2661,1002.177246
2662,1002.21875
2663,1002.222656
2664,1002.237793
2665,1002.217285
2666,1002.231689
2667,1002.178711
2668,1002.255371
2669,1002.259033
2670,1002.213135
2671,1002.192383
2672,1002.240967
2673,1002.216064
2674,1002.168701
2675,1002.165039
2676,1002.205078
2677,1002.140381
2678,1002.215332
2679,1002.252441
2680,1002.138672
2681,1002.172363
2682,1002.190674
2683,1002.147705
2684,1002.134766
2685,1002.164063
2686,1002.18042
2687,1002.142578
2688,1002.178467
2689,1002.191895
2690,1002.14209
2691,1002.075195
2692,1002.095947
2693,1002.120361
2694,1002.197998
2695,1002.163086
2696,1002.182861
2697,1002.137207
2698,1002.181396
2699,1002.166504
2700,1002.136719
2701,1002.194092
2702,1002.16626
2703,1002.149902
2704,1002.179688
2705,1002.142578
2706,1002.168945
2707,1002.219238
2708,1002.126465
2709,1002.183594
2710,1002.20166
2711,1002.203857
2712,1002.190674
2713,1002.193604
2714,1002.205078
2715,1002.209961
2716,1002.202637
2717,1002.226074
2718,1002.175781
2719,1002.152588
2720,1002.171875
2721,1002.194336
2722,1002.2146
2723,1002.174561
2724,1002.216309
2725,1002.164795
2726,1002.170898
2727,1002.205322
2728,1002.215576
2729,1002.112549
2730,1002.190674
2731,1002.221924
2732,1002.187012
2733,1002.208252
2734,1002.212402
2735,1002.226318
2736,1002.230225
2737,1002.190186
2738,1002.147705
2739,1002.200439
2740,1002.25
2741,1002.221191
2742,1002.209473
2743,1002.241455
2744,1002.248291
2745,1002.243652
2746,1002.288818
2747,1002.251953
2748,1002.259521
2749,1002.234619
2750,1002.244629
2751,1002.313721
2752,1002.303955
2753,1002.259766
2754,1002.298584
2755,1002.279541
2756,1002.332031
2757,1002.287598
2758,1002.303223
2759,1002.246582
2760,1002.259277
2761,1002.257813
2762,1002.313965
2763,1002.304932
2764,1002.28418
2765,1002.288818
2766,1002.30542
2767,1002.293945
2768,1002.33374
2769,1002.336914
2770,1002.2771
2771,1002.285156
2772,1002.320801
2773,1002.333008
2774,1002.271484
2775,1002.293945
2776,1002.298096
2777,1002.25708
2778,1002.330322
2779,1002.318359
2780,1002.29541
2781,1002.269043
2782,1002.252441
2783,1002.276611
2784,1002.280518
2785,1002.271973
2786,1002.292725
2787,1002.276367
2788,1002.229736
2789,1002.233398
2790,1002.248535
2791,1002.228516
2792,1002.254639
2793,1002.208496
2794,1002.157471
2795,1002.240234
2796,1002.20752
2797,1002.232422
2798,1002.189209
2799,1002.216797
2800,1002.185303
2801,1002.217285
2802,1002.166748
2803,1002.224365
2804,1002.259033
2805,1002.227295
2806,1002.233643
2807,1002.277344
2808,1002.257813
2809,1002.293701
2810,1002.249756
2811,1002.291504
2812,1002.300293
2813,1002.272461
2814,1002.261719
2815,1002.295166
2816,1002.291748
2817,1002.260254
2818,1002.231934
2819,1002.203125
2820,1002.234863
2821,1002.252686
2822,1002.205078
2823,1002.178955
2824,1002.203857
2825,1002.212646
2826,1002.216064
2827,1002.166748
2828,1002.148926
2829,1002.19043
2830,1002.135742
2831,1002.18457
2832,1002.234863
2833,1002.195801
2834,1002.228027
2835,1002.202393
2836,1002.216553
2837,1002.271729
2838,1002.199951
2839,1002.17041
2840,1002.203857
2841,1002.191406
2842,1002.166016
2843,1002.20874
2844,1002.226563
2845,1002.174072
2846,1002.190186
2847,1002.181641
2848,1002.228516
2849,1002.237549
2850,1002.209717
2851,1002.198242
2852,1002.219727
2853,1002.19043
2854,1002.223389
2855,1002.256348
2856,1002.248779
2857,1002.234863
2858,1002.240479
2859,1002.206299
2860,1002.224854
2861,1002.247559
2862,1002.209961
2863,1002.252686
2864,1002.252441
2865,1002.256104
2866,1002.251221
2867,1002.280518
2868,1002.27832
2869,1002.282471
2870,1002.298096
2871,1002.290771
2872,1002.279297
2873,1002.28418
2874,1003.243896
2875,1003.220703
2876,1003.24292
2877,1003.233643
2878,1003.244629
2879,1003.29248
2880,1003.258301
2881,1003.238525
2882,1003.231445
2883,1003.273926
2884,1003.508057
2885,1003.571045
2886,1003.53833
2887,1003.517822
2888,1003.517822
2889,1003.541016
2890,1003.738281
2891,1003.742432
2892,1003.823242
2893,1003.828857
2894,1003.848877
2895,1003.840088
2896,1003.825684
2897,1003.798828
2898,1003.842041
2899,1003.836426
2900,1003.89502
2901,1003.968506
2902,1003.799072
2903,1003.83374
2904,1003.743408
2905,1003.68457
2906,1003.775635
2907,1003.756592
2908,1003.734619
2909,1003.767578
2910,1003.807373
2911,1003.794434
2912,1003.764404
2913,1003.799805
2914,1003.844971
2915,1003.806396
2916,1003.827148
2917,1003.884521
2918,1003.814697
2919,1003.760986
2920,1003.654053
2921,1003.899658
2922,1003.791992
2923,1003.72168
2924,1003.792725
2925,1003.821777
2926,1003.77124
2927,1003.774902
2928,1003.71582
2929,1003.760498
2930,1003.713623
2931,1003.69873
2932,1003.682617
2933,1003.712646
2934,1003.870117
2935,1003.879639
2936,1003.784424
2937,1003.869629
2938,1003.862305
2939,1003.782471
2940,1003.75415
2941,1003.77002
2942,1003.680664
2943,1003.795166
2944,1003.741455
2945,1003.680176
2946,1003.741211
2947,1003.739014
2948,1003.63916
2949,1003.658936
2950,1003.63916
2951,1003.633301
2952,1003.628906
2953,1003.579346
2954,1003.583252
2955,1003.625
2956,1003.579346
2957,1003.578613
2958,1003.553467
2959,1003.572754
2960,1003.503906
2961,1003.53125
2962,1003.506104
2963,1003.503418
2964,1003.411621
2965,1003.342041
2966,1003.325928
2967,1003.385498
2968,1003.268799
2969,1003.317383
2970,1003.317139
2971,1003.323975
2972,1003.376709
2973,1003.32373
2974,1003.308105
2975,1003.314453
2976,1003.29834
2977,1003.166504
2978,1003.181396
2979,1003.177002
2980,1003.131592
2981,1003.223633
2982,1003.175537
2983,1003.142822
2984,1003.1875
2985,1003.193604
2986,1003.210205
2987,1003.012451
2988,1002.987549
2989,1002.82373
2990,1002.796143
2991,1002.606689
2992,1002.502197
2993,1002.341309
2994,1002.177002
2995,1002.008057
2996,1001.93335
2997,1001.808105
2998,1001.710693
2999,1001.818359
3000,1001.776611
3001,1001.744629
3002,1001.726563
3003,1001.75293
3004,1001.785645
3005,1001.813965
3006,1001.783203
3007,1001.781982
3008,1001.757813
3009,1001.662354
3010,1001.615967
3011,1001.670654
3012,1001.866211
3013,1002.116699
3014,1001.98999
3015,1002.308105
3016,1002.230713
3017,1001.600098
3018,1001.231201
3019,1001.537109
3020,1001.501221
3021,1001.677734
3022,1001.94458
3023,1002.074219
3024,1002.012695
3025,1001.741943
3026,1001.527344
3027,1001.207764
3028,1001.086426
3029,1000.910889
3030,1000.796143
3031,1000.724121
3032,1000.638672
3033,1000.572998
3034,1000.674561
3035,1001.020996
3036,1001.366455
3037,1001.568359
3038,1001.223633
3039,1001.005127
3040,1000.909424
3041,1000.887451
3042,1000.817383
3043,1000.763672
3044,1001.324951
3045,1001.608887
3046,1001.385254
3047,1001.075928
3048,1001.116943
3049,1001.119385
3050,1001.208008
3051,1001.020264
3052,1001.315186
3053,1001.122803
3054,1000.769043
3055,1000.689209
3056,1000.613037
3057,1000.046143
3058,1000.538818
3059,1001.270996
3060,1001.01416
3061,1000.614014
3062,1000.671631
3063,1000.561035
3064,1000.365967
3065,1000.633057
3066,1000.558594
3067,1000.528076
3068,1000.831787
3069,1001.132813
3070,1001.131592
3071,1001.10791
3072,1001.007568
3073,1000.527832
3074,1000.105713
3075,1000.170898
3076,1000.24585
3077,1000.422363
3078,1000.186523
3079,1000.546631
3080,1000.63916
3081,1000.392334
3082,1000.29541
3083,1000.418457
3084,1000.469971
3085,1000.51123
3086,1000.812256
3087,1000.979248
3088,1000.986328
3089,1001.200684
3090,1001.349854
3091,1001.12915
3092,1001.033691
3093,1001.557861
3094,1002.375244
3095,1002.562744
3096,1002.189697
3097,1001.888184
3098,1001.579102
3099,1001.446777
3100,1001.370361
3101,1001.230225
3102,1000.685791
3103,1000.088379
3104,999.7963867
3105,999.907959
3106,999.8798828
3107,999.7624512
3108,1000.101074
3109,1000.268799
3110,1000.240234
3111,999.8479004
3112,1000.372314
3113,1000.463867
3114,1000.016357
3115,1001.642822
3116,1001.643799
3117,1001.398438
3118,1001.276611
3119,1001.277832
3120,1000.888428
3121,1001.196533
3122,1001.272949
3123,1001.507568
3124,1001.955811
3125,1002.322266
3126,1001.584717
3127,1002.483154
3128,1002.744873
3129,1003.074219
3130,1002.994629
3131,1003.056885
3132,1002.454346
3133,1003.149902
3134,1003.157227
3135,1003.188721
3136,1003.285645
3137,1003.950195
3138,1003.44458
3139,1003.620361
3140,1002.799072
3141,1002.999023
3142,1002.650146
3143,1002.475342
3144,1002.550293
3145,1002.521729
3146,1002.669922
3147,1003.110596
3148,1002.418945
3149,1002.741699
3150,1003.216309
3151,1003.351074
3152,1003.602051
3153,1004.294922
3154,1004.785645
3155,1004.864014
3156,1004.789307
3157,1004.633301
3158,1004.04126
3159,1004.013184
3160,1004.198486
,
,
