time,temperature
1,23.84909248
2,24.07253838
3,24.1283989
4,24.31460381
5,24.44494629
6,24.51942825
7,24.68701363
8,24.76149559
9,24.92907906
10,24.9477005
11,25.09666443
12,25.17114639
13,25.32011032
14,25.46907425
15,25.54355431
16,25.59941673
17,25.82286263
18,25.86010361
19,25.99044609
20,26.06492805
21,26.23251152
22,26.30699348
23,26.43733788
24,26.56768036
25,26.62354279
26,26.82836723
27,26.79112625
28,26.9028492
29,27.05181313
30,27.01457214
31,27.12629509
32,27.34973907
33,27.36836052
34,27.46146393
35,27.51732445
36,27.61042786
37,27.64766693
38,27.77801132
39,27.85249329
40,28.00145721
41,28.0386982
42,28.22490311
43,28.15042114
44,28.18766022
45,28.37386703
46,28.37386703
47,28.448349
48,28.634552
49,28.65317154
50,28.80213547
51,28.82075691
52,29.02558136
53,29.06282425
54,29.21178818
55,29.23040771
56,29.47247314
57,29.49109268
58,29.64005661
59,29.75178146
60,29.8635025
61,30.04970932
62,30.06832886
63,30.23591232
64,30.27315331
65,30.40349579
66,30.47797775
67,30.55245972
68,30.77590561
69,30.88762856
70,30.98073196
71,31.14831543
72,31.22279739
73,31.33452034
74,31.39038086
75,31.50210571
76,31.61382675
77,31.65106773
78,31.93037415
79,32.02347565
80,32.15382004
81,32.228302
82,32.35864639
83,32.45174789
84,32.58209229
85,32.58209229
86,32.74967575
87,32.74967575
88,32.88002014
89,32.99174118
90,33.12208557
91,33.23380661
92,33.32691193
93,33.364151
94,33.56897736
95,33.4572525
96,33.66207886
97,33.68069839
98,33.81104279
99,33.82966232
100,33.96000671
101,34.09034729
102,34.16483307
103,34.22069168
104,34.18345261
105,34.38827515
106,34.29517365
107,34.5
108,34.5931015
109,34.63034058
110,34.5931015
111,34.76068497
112,34.83516693
113,34.87240982
114,35.00275421
115,35.09585571
116,35.18895721
117,35.33792114
118,35.33792114
119,35.43102264
120,35.5427475
121,35.635849
122,35.69171143
123,35.69171143
124,35.822052
125,35.93377686
126,36.02687836
127,36.08274078
128,36.1385994
129,36.15721893
130,36.39928436
131,36.32480621
132,36.39928436
133,36.54824829
134,36.58549118
135,36.71583557
136,36.69721222
137,36.82756042
138,36.88341904
139,36.957901
140,37.0510025
141,37.0510025
142,37.10686493
143,37.21858978
144,37.21858978
145,37.29306793
146,37.21858978
147,37.29306793
148,37.42341232
149,37.42341232
150,37.55375671
151,37.47927475
152,37.53513336
153,37.75858307
154,37.79582214
155,37.75858307
156,37.77720261
157,37.98202515
158,37.92616272
159,38.03788757
160,38.14961243
161,38.14961243
162,38.24271393
163,38.16823196
164,38.39167786
165,38.46615982
166,38.54064178
167,38.59650421
168,38.65236282
169,38.70822525
170,38.68960571
171,38.87580872
172,38.87580872
173,38.95029068
174,39.02477264
175,39.00615311
176,39.15511703
177,39.1364975
178,39.34132004
179,39.35993958
180,39.39718246
181,39.37856293
182,39.58338928
183,39.5089035
184,39.602005
185,39.5089035
186,39.54614639
187,39.63924789
188,39.69511032
189,39.65786743
190,39.67649078
191,39.82545471
192,39.89993286
193,39.84407425
194,39.84407425
195,39.91855621
196,39.88131714
197,39.91855621
198,39.88131714
199,40.03027725
200,40.01165771
201,40.12338257
202,40.16062164
203,40.19786072
204,40.29096222
205,40.49578857
206,40.365448
207,40.365448
208,40.53303146
209,40.51441193
210,40.58889008
211,40.551651
212,40.58889008
213,40.60751343
214,40.737854
215,40.79371643
216,40.70061493
217,40.86819839
218,40.81233978
219,40.79371643
220,40.86819839
221,40.83095551
222,40.81233978
223,41.03578186
224,40.92406082
225,40.92406082
226,40.88681793
227,40.90544128
228,40.90544128
229,40.90544128
230,40.86819839
231,40.94268036
232,40.92406082
233,40.90544128
234,41.01716232
235,40.88681793
236,40.84957886
237,40.86819839
238,40.81233978
239,40.83095551
240,40.737854
241,40.84957886
242,40.83095551
243,40.79371643
244,40.83095551
245,40.97991943
246,40.77509689
247,40.83095551
248,40.75647736
249,40.96130371
250,40.94268036
251,40.94268036
252,40.96130371
253,41.01716232
254,40.96130371
255,41.03578186
256,41.09164429
257,41.16612625
258,41.16612625
259,41.22198868
260,41.18474579
261,41.35233307
262,41.37095261
263,41.27784729
264,41.37095261
265,41.44543457
266,41.51991272
267,41.57577515
268,41.65026093
269,41.61301804
270,41.5943985
271,41.6875
272,41.70611954
273,41.7806015
274,41.66887665
275,41.81784058
276,41.92956543
277,41.89232636
278,41.89232636
279,42.02266693
280,42.02266693
281,42.04129028
282,41.94818878
283,41.91094589
284,42.15301132
285,42.15301132
286,42.15301132
287,42.13439178
288,42.13439178
289,42.13439178
290,42.11576843
291,42.13439178
292,42.09715271
293,42.24611282
294,42.19025421
295,42.22749329
296,42.17163086
297,42.28335571
298,42.20886993
299,42.28335571
300,42.35783386
301,42.28335571
302,42.37645721
303,42.26473236
304,42.28335571
305,42.26473236
306,42.20886993
307,42.32059479
308,42.22749329
309,42.28335571
310,42.22749329
311,42.17163086
312,42.20886993
313,42.24611282
314,42.09715271
315,42.19025421
316,42.15301132
317,42.11576843
318,42.07852936
319,42.09715271
320,42.13439178
321,42.05990982
322,42.15301132
323,42.09715271
324,41.94818878
325,41.94818878
326,42.00404739
327,41.92956543
328,41.91094589
329,41.91094589
330,41.89232636
331,41.81784058
332,41.89232636
333,41.873703
334,41.83646393
335,41.7806015
336,41.83646393
337,41.79922485
338,41.74336243
339,41.70611954
340,41.6875
341,41.66887665
342,41.66887665
343,41.5943985
344,41.57577515
345,41.61301804
346,41.55715561
347,41.501297
348,41.501297
349,41.57577515
350,41.33370972
351,41.35233307
352,41.48267365
353,41.4081955
354,41.37095261
355,41.27784729
356,41.25923157
357,41.22198868
358,41.20336914
359,41.18474579
360,41.16612625
361,41.07302475
362,40.92406082
363,40.97991943
364,40.94268036
365,40.88681793
366,40.70061493
367,40.71923447
368,40.68199539
369,40.53303146
370,40.49578857
371,40.49578857
372,40.40268707
373,40.43992615
374,40.4585495
375,40.365448
376,40.23510361
377,40.17924118
378,40.10475922
379,40.08613968
380,39.91855621
381,39.86269379
382,39.73235321
383,39.75096893
384,39.62062836
385,39.52752686
386,39.5089035
387,39.37856293
388,39.415802
389,39.229599
390,39.043396
391,38.98753357
392,38.85718918
393,38.70822525
394,38.57788086
395,38.54064178
396,38.50340271
397,38.46615982
398,38.26133347
399,38.22409058
400,38.03788757
401,37.85168457
402,37.81444168
403,37.79582214
404,37.59099579
405,37.49789429
406,37.46065521
407,37.31169128
408,37.36755371
409,37.21858978
410,37.25582886
411,36.957901
412,37.01376343
413,36.93928146
414,36.69721222
415,36.73445511
416,36.65997314
417,36.54824829
418,36.47377014
419,36.39928436
420,36.28756714
421,36.23170471
422,36.08274078
423,36.1385994
424,36.08274078
425,35.95239639
426,35.822052
427,35.80343246
428,35.71033096
429,35.56136703
430,35.48688507
431,35.57998657
432,35.50550461
433,35.41240311
434,35.41240311
435,35.41240311
436,35.26343918
437,35.17033768
438,35.15171814
439,35.15171814
440,35.05861282
441,35.02137375
442,34.92826843
443,34.87240982
444,34.83516693
445,34.66758347
446,34.72344589
447,34.51861954
448,34.5931015
449,34.53723907
450,34.46276093
451,34.23931122
452,34.25793457
453,34.22069168
454,34.10897064
455,34.05310822
456,33.96000671
457,33.97862625
458,33.94138336
459,33.86690521
460,33.82966232
461,33.71794128
462,33.64345932
463,33.68069839
464,33.550354
465,33.43863297
466,33.49449539
467,33.40139008
468,33.38277054
469,33.23380661
470,33.25242615
471,33.177948
472,33.12208557
473,33.02898407
474,32.93588257
475,32.91725922
476,32.76829529
477,32.82415771
478,32.74967575
479,32.67519379
480,32.65657425
481,32.50761032
482,32.45174789
483,32.35864639
484,32.35864639
485,32.19106293
486,32.228302
487,32.11658096
488,31.98623657
489,31.93037415
490,31.89313507
491,31.87451363
492,31.68830872
493,31.66968918
494,31.66968918
495,31.44624329
496,31.42762375
497,31.4090023
498,31.37176132
499,31.27865982
500,31.18555641
501,31.16693497
502,31.092453
503,30.9993515
504,31.01797104
505,30.86900711
506,30.86900711
507,30.79452705
508,30.68280411
509,30.58970261
510,30.55245972
511,30.45935822
512,30.27315331
513,30.36625671
514,30.32901382
515,30.14281082
516,30.21729279
517,30.04970932
518,30.01246643
519,29.88212395
520,29.84488297
521,29.69591904
522,29.73316002
523,29.64005661
524,29.56557465
525,29.49109268
526,29.37937164
527,29.23040771
528,29.17454529
529,29.10006332
530,29.13730621
531,29.00696182
532,28.98834229
533,28.82075691
534,28.78351593
535,28.70903397
536,28.59731293
537,28.50420952
538,28.50420952
539,28.42972755
540,28.37386703
541,28.28076363
542,28.11317825
543,28.07593918
544,28.00145721
545,27.88973427
546,27.90835381
547,27.77801132
548,27.7221489
549,27.74077034
550,27.59180641
551,27.59180641
552,27.4056015
553,27.29387856
554,27.23801804
555,27.21939659
556,27.03319168
557,27.07043266
558,26.9959507
559,26.80974579
560,26.75388527
561,26.73526382
562,26.62354279
563,26.43733788
564,26.45595741
565,26.45595741
566,26.25113297
567,26.21389198
568,26.23251152
569,26.0835495
570,25.97182465
571,25.93458557
572,25.93458557
573,25.7670002
574,25.61803627
575,25.48769379
576,25.43183136
577,25.32011032
578,25.32011032
579,25.22700691
580,25.07804298
581,24.98494148
582,24.85459709
583,24.81735611
584,24.72425461
585,24.59391022
586,24.61253166
587,24.40770721
588,24.42632675
589,24.29598427
590,24.27736282
591,24.07253838
592,24.07253838
593,23.94219399
594,23.904953
595,23.68150902
596,23.62564659
597,23.56978607
598,23.32771873
599,23.34634018
600,23.36495972
601,23.10427475
602,23.08565331
603,23.06703186
604,22.93668938
605,22.76910591
606,22.69462395
607,22.582901
608,22.63876152
609,22.34083557
610,22.45255661
611,22.24773216
612,22.06152725
613,22.06152725
614,21.81946182
615,21.78222084
616,21.7635994
617,21.59601593
618,21.54015541
619,21.40981102
620,21.39119148
621,21.40981102
622,21.29808807
623,21.18636513
624,21.14912415
625,21.05602264
626,20.98154068
627,20.8511982
628,20.8511982
629,20.83257675
630,20.6277523
631,20.60913086
632,20.51602936
633,20.40430641
634,20.36706543
635,20.34844399
636,20.125
637,20.03189659
638,19.97603607
639,19.99465561
640,19.84569168
641,19.78983116
642,19.7153492
643,19.67810822
644,19.56638527
645,19.45466232
646,19.3988018
647,19.26845741
648,19.17535591
649,19.15673447
650,19.10087395
651,18.95191002
652,19.00777054
653,18.91466904
654,18.82156563
655,18.74708557
656,18.54225922
657,18.46777725
658,18.4863987
659,18.35605431
660,18.28157234
661,18.20709038
662,18.20709038
663,18.02088547
664,17.92778397
665,17.90916443
666,17.77882004
667,17.74157906
668,17.70433807
669,17.51813316
670,17.40641022
671,17.46227264
672,17.29468918
673,17.23882675
674,17.25744629
675,17.16434479
676,17.01538086
677,16.9408989
678,16.90365791
679,16.79193497
680,16.64297104
681,16.54986954
682,16.58711052
683,16.43814659
684,16.36366463
685,16.25194168
686,16.10297775
687,16.02849579
688,15.82367134
689,15.95401478
690,15.73056889
691,15.6933279
692,15.60022545
693,15.45126152
694,15.35816002
695,15.37677956
696,15.33953857
697,15.20919609
698,15.07885265
699,15.02299118
700,14.91126823
701,14.89264774
702,14.79954529
703,14.70644379
704,14.63196182
705,14.65058136
706,14.44575691
707,14.37127495
708,14.31541348
709,14.259552
710,14.14782906
711,14.14782906
712,14.07334709
713,13.90576363
714,13.99886513
715,13.81266022
716,13.83128166
717,13.64507675
718,13.64507675
719,13.47749233
720,13.36577034
721,13.30990791
722,13.30990791
723,13.25404739
724,13.23542595
725,13.10508347
726,12.99336052
727,12.97474003
728,12.86301708
729,12.78853512
730,12.73267365
731,12.5278492
732,12.5278492
733,12.47198677
734,12.39750481
735,12.36026382
736,12.26716232
737,12.17405987
738,12.06233692
739,12.06233692
740,12.04371643
741,11.80165005
742,11.78302956
743,11.80165005
744,11.72716904
745,11.65268707
746,11.48510265
747,11.54096413
748,11.46648216
749,11.41062069
750,11.35475922
751,11.29889774
752,11.24303627
753,11.11269283
754,11.07545185
755,11.07545185
756,10.96372986
757,10.88924789
758,10.79614544
759,10.72166348
760,10.72166348
761,10.55407906
762,10.57269955
763,10.4609766
764,10.51683807
765,10.42373562
766,10.44235611
767,10.27477264
768,10.29339218
769,10.20029068
770,10.1630497
771,10.01408577
772,10.06994724
773,9.958224297
774,9.902362823
775,9.827880859
776,9.827880859
777,9.753398895
778,9.734778404
779,9.716157913
780,9.511333466
781,9.529953957
782,9.41823101
783,9.380990028
784,9.306508064
785,9.269267082
786,9.194785118
787,9.194785118
788,9.157544136
789,8.971339226
790,8.989959717
791,8.971339226
792,8.934098244
793,8.80375576
794,8.822375298
795,8.785135269
796,8.747894287
797,8.61755085
798,8.61755085
799,8.524448395
800,8.561689377
801,8.468586922
802,8.375484467
803,8.338243485
804,8.338243485
805,8.207900047
806,8.282382011
807,8.207900047
808,8.114797592
809,8.096177101
810,8.040316582
811,7.984455109
812,7.947214127
813,7.947214127
814,7.872732162
815,7.798250198
816,7.630665779
817,7.723768234
818,7.686527252
819,7.593424797
820,7.630665779
821,7.46308136
822,7.500322342
823,7.46308136
824,7.444460869
825,7.314118385
826,7.332738876
827,7.332738876
828,7.258256912
829,7.146533966
830,7.202395439
831,6.997570038
832,7.090672493
833,6.978949547
834,6.978949547
835,6.923088074
836,6.960329056
837,6.923088074
838,6.867226601
839,6.792744637
840,6.84860611
841,6.699642181
842,6.699642181
843,6.774124146
844,6.625160217
845,6.662401199
846,6.494817734
847,6.494817734
848,6.401715279
849,6.532058716
850,6.401715279
851,6.401715279
852,6.271371841
853,6.289992332
854,6.178269386
855,6.141028404
856,6.196889877
857,6.159648895
858,6.029305458
859,5.973443985
860,5.917582512
861,5.917582512
862,5.917582512
863,5.805860519
864,5.843101501
865,5.749999046
866,5.768619537
867,5.82448101
868,5.768619537
869,5.82448101
870,5.545173645
871,5.675517082
872,5.582414627
873,5.619655609
874,5.601035118
875,5.545173645
876,5.489312172
877,5.526553154
878,5.433450699
879,5.526553154
880,5.358968735
881,5.507932663
882,5.396209717
883,5.433450699
884,5.377589226
885,5.396209717
886,5.433450699
887,5.358968735
888,5.45207119
889,5.26586628
890,5.228625298
891,5.303107262
892,5.303107262
893,5.228625298
894,5.247245789
895,5.321727753
896,5.321727753
897,5.26586628
898,5.303107262
899,5.303107262
900,5.26586628
901,5.321727753
902,5.247245789
903,5.396209717
904,5.26586628
905,5.247245789
906,5.414830208
907,5.284486771
908,5.284486771
909,5.377589226
910,5.377589226
911,5.377589226
912,5.396209717
913,5.358968735
914,5.340348244
915,5.396209717
916,5.303107262
917,5.45207119
918,5.433450699
919,5.582414627
920,5.470691681
921,5.489312172
922,5.526553154
923,5.563794136
924,5.489312172
925,5.545173645
926,5.563794136
927,5.656896591
928,5.712758064
929,5.6382761
930,5.694137573
931,5.749999046
932,5.601035118
933,5.712758064
934,5.749999046
935,5.749999046
936,5.749999046
937,5.731378555
938,5.82448101
939,5.898962021
940,5.954823494
941,5.992064476
942,6.047925949
943,6.029305458
944,6.010684967
945,6.010684967
946,5.992064476
947,6.047925949
948,5.973443985
949,6.047925949
950,6.06654644
951,6.122407913
952,6.06654644
953,6.234130859
954,6.122407913
955,6.196889877
956,6.234130859
957,6.215510368
958,6.42033577
959,6.345853806
960,6.271371841
961,6.327233315
962,6.401715279
963,6.383094788
964,6.438956261
965,6.476197243
966,6.476197243
967,6.550679207
968,6.476197243
969,6.550679207
970,6.494817734
971,6.587920189
972,6.550679207
973,6.569299698
974,6.68102169
975,6.718262672
976,6.587920189
977,6.718262672
978,6.736883163
979,6.718262672
980,6.736883163
981,6.755503654
982,6.699642181
983,6.885847092
984,6.792744637
985,6.923088074
986,6.867226601
987,6.960329056
988,6.885847092
989,7.016190529
990,6.997570038
991,7.072052002
992,7.016190529
993,7.072052002
994,7.109292984
995,7.016190529
996,7.146533966
997,7.127913475
998,7.276877403
999,7.276877403
1000,7.202395439
1001,7.332738876
1002,7.314118385
1003,7.388599396
1004,7.425840378
1005,7.481701851
1006,7.46308136
1007,7.556183815
1008,7.574804306
1009,7.64928627
1010,7.612045288
1011,7.686527252
1012,7.612045288
1013,7.593424797
1014,7.593424797
1015,7.83549118
1016,7.83549118
1017,7.816870689
1018,7.872732162
1019,7.872732162
1020,8.0030756
1021,7.947214127
1022,7.947214127
1023,8.021696091
1024,8.189279556
1025,8.207900047
1026,8.133418083
1027,8.226520538
1028,8.375484467
1029,8.189279556
1030,8.375484467
1031,8.301002502
1032,8.356863976
1033,8.487207413
1034,8.449966431
1035,8.487207413
1036,8.524448395
1037,8.580309868
1038,8.673412323
1039,8.636171341
1040,8.729273796
1041,8.729273796
1042,8.654791832
1043,8.729273796
1044,8.785135269
1045,8.822375298
1046,8.785135269
1047,8.822375298
1048,8.915477753
1049,8.971339226
1050,8.934098244
1051,8.989959717
1052,8.934098244
1053,9.008580208
1054,9.064441681
1055,9.083062172
1056,9.176164627
1057,9.064441681
1058,9.325128555
1059,9.138923645
1060,9.157544136
1061,9.157544136
1062,9.213405609
1063,9.213405609
1064,9.213405609
1065,9.287887573
1066,9.269267082
1067,9.399610519
1068,9.306508064
1069,9.306508064
1070,9.399610519
1071,9.41823101
1072,9.436851501
1073,9.529953957
1074,9.548573494
1075,9.623055458
1076,9.567193985
1077,9.66029644
1078,9.716157913
1079,9.716157913
1080,9.678916931
1081,9.827880859
1082,9.790639877
1083,9.790639877
1084,9.790639877
1085,9.827880859
1086,9.84650135
1087,9.772019386
1088,9.772019386
1089,9.902362823
1090,9.902362823
1091,9.865121841
1092,9.84650135
1093,9.883742332
1094,9.734778404
1095,9.827880859
1096,9.734778404
1097,9.790639877
1098,9.716157913
1099,9.734778404
1100,9.716157913
1101,9.548573494
1102,9.567193985
1103,9.511333466
1104,9.306508064
1105,9.250646591
1106,9.306508064
1107,9.176164627
1108,9.213405609
1109,9.027200699
1110,8.934098244
1111,8.915477753
1112,8.80375576
1113,8.561689377
1114,8.524448395
1115,8.43134594
1116,8.412725449
1117,8.207900047
1118,8.26376152
1119,8.133418083
1120,7.909973145
1121,7.872732162
1122,7.891352654
1123,7.779629707
1124,7.46308136
1125,7.500322342
1126,7.518942833
1127,7.314118385
1128,7.22101593
1129,7.127913475
1130,7.03481102
1131,6.978949547
1132,6.829985619
1133,6.662401199
1134,6.569299698
1135,6.401715279
1136,6.234130859
1137,6.289992332
1138,6.122407913
1139,5.898962021
1140,5.880342484
1141,5.675517082
1142,5.619655609
1143,5.396209717
1144,5.247245789
1145,5.154143333
1146,5.02380085
1147,4.986559868
1148,4.763113976
1149,4.632770538
1150,4.446565628
1151,4.390705109
1152,4.334843636
1153,4.130018234
1154,3.981054306
1155,3.738988876
1156,3.534162521
1157,3.403820038
1158,3.329338074
1159,3.143133163
1160,3.01279068
1161,2.882446289
1162,2.696241379
1163,2.379693985
1164,2.119007111
1165,2.323833466
1166,2.100387573
1167,1.821081162
1168,1.783840179
1169,1.485912323
1170,1.430049896
1171,1.243844986
1172,1.113502502
1173,0.945919037
1174,0.722473145
1175,0.592128754
1176,0.51764679
1177,0.294202805
1178,0.08937645
1179,0.08937645
1180,-0.040966034
1181,-0.171310425
1182,-0.208551407
1183,-0.376134872
1184,-0.562339783
1185,-0.711303711
1186,-0.804405212
1187,-0.953369141
1188,-1.009231567
1189,-1.046472549
1190,-1.19543457
1191,-1.269916534
1192,-1.437501907
1193,-1.530603409
1194,-1.493362427
1195,-1.716808319
1196,-2.014736176
1197,-2.014736176
1198,-2.145078659
1199,-2.294042587
1200,-2.46162796
1201,-2.368524551
1202,-2.685071945
1203,-2.852657318
1204,-2.759553909
1205,-2.927139282
1206,-3.057481766
1207,-3.07610321
1208,-3.150585175
1209,-3.31816864
1210,-3.31816864
1211,-3.392650604
1212,-3.50437355
1213,-3.541614532
1214,-3.671957016
1215,-3.802301407
1216,-3.783679962
1217,-3.783679962
1218,-3.969884872
1219,-4.044366837
1220,-3.895402908
1221,-4.062986374
1222,-4.230571747
1223,-4.342294693
1224,-4.062986374
1225,-4.416776657
1226,-4.305053711
1227,-4.193330765
1228,-4.305053711
1229,-4.435396194
1230,-4.435396194
1231,-4.416776657
1232,-4.565740585
1233,-4.472637177
1234,-4.416776657
1235,-4.584360123
1236,-4.454017639
1237,-4.565740585
1238,-4.416776657
1239,-4.472637177
1240,-4.398155212
1241,-4.267812729
1242,-4.547119141
1243,-4.342294693
1244,-4.286432266
1245,-4.267812729
1246,-4.305053711
1247,-4.398155212
1248,-4.211950302
1249,-4.17470932
1250,-4.17470932
1251,-4.137468338
1252,-4.156089783
1253,-4.137468338
1254,-4.100227356
1255,-4.025745392
1256,-3.951265335
1257,-3.93264389
1258,-3.839542389
1259,-3.839542389
1260,-3.616096497
1261,-3.578855515
1262,-3.653337479
1263,-3.597475052
1264,-3.37402916
1265,-3.355409622
1266,-3.299547195
1267,-3.225067139
1268,-3.262308121
1269,-3.094722748
1270,-3.094722748
1271,-3.038862228
1272,-2.964380264
1273,-2.8898983
1274,-2.778175354
1275,-2.70369339
1276,-2.573348999
1277,-2.498868942
1278,-2.405765533
1279,-2.349905014
1280,-2.238182068
1281,-2.107837677
1282,-2.070596695
1283,-1.958873749
1284,-1.828531265
1285,-1.847150803
1286,-1.549224854
1287,-1.456121445
1288,-1.344398499
1289,-1.288537979
1290,-1.139574051
1291,-1.083713531
1292,-0.934749603
1293,-0.785785675
1294,-0.674062729
1295,-0.58095932
1296,-0.450616837
1297,-0.320274353
1298,-0.245792389
1299,-0.040966034
1300,0.03351593
1301,0.256961823
1302,0.294202805
1303,0.46178627
1304,0.536268234
1305,0.7038517
1306,0.759714127
1307,1.001779556
1308,1.150743485
1309,1.13212204
1310,1.355567932
1311,1.541772842
1312,1.709358215
1313,1.802459717
1314,2.025905609
1315,2.193489075
1316,2.267971039
1317,2.39831543
1318,2.640380859
1319,2.752103806
1320,2.863826752
1321,2.882446289
1322,3.292097092
1323,3.403820038
1324,3.608644485
1325,3.720367432
1326,3.86933136
1327,4.148637772
1328,4.204500198
1329,4.353464127
1330,4.781734467
1331,4.83759594
1332,5.135523796
1333,5.247245789
1334,5.582414627
1335,5.749999046
1336,5.917582512
1337,6.122407913
1338,6.25275135
1339,6.476197243
1340,6.60654068
1341,6.867226601
1342,6.997570038
1343,7.202395439
1344,7.444460869
1345,7.630665779
1346,7.723768234
1347,8.058937073
1348,8.189279556
1349,8.226520538
1350,8.80375576
1351,8.896857262
1352,8.989959717
1353,9.176164627
1354,9.548573494
1355,9.734778404
1356,9.995465279
1357,10.18167019
1358,10.36787415
1359,10.665802
1360,11.11269283
1361,11.13131332
1362,11.31751823
1363,11.50372314
1364,11.78302956
1365,12.0995779
1366,12.17405987
1367,12.49060822
1368,12.76991463
1369,13.01198101
1370,13.14232445
1371,13.42163086
1372,13.60783577
1373,13.62645626
1374,13.86852264
1375,13.98024559
1376,14.27817249
1377,14.81816673
1378,15.17195511
1379,15.17195511
1380,15.41402054
1381,15.52574348
1382,15.74918938
1383,15.86091232
1384,16.28918266
1385,16.49400711
1386,16.86641693
1387,17.22020721
1388,17.46227264
1389,17.72295952
1390,17.77882004
1391,18.07674789
1392,18.13260841
1393,18.35605431
1394,18.52363968
1395,18.76570511
1396,18.76570511
1397,19.00777054
1398,19.0822525
1399,19.34293938
1400,19.45466232
1401,19.45466232
1402,19.67810822
1403,19.84569168
1404,19.82707214
1405,20.125
1406,20.311203
1407,20.311203
1408,20.38568497
1409,20.55327034
1410,20.77671623
1411,20.96291924
1412,21.13050461
1413,21.29808807
1414,21.40981102
1415,21.57739639
1416,21.72635841
1417,21.87532234
1418,22.00566673
1419,22.26635361
1420,22.32221413
1421,22.60152054
1422,22.71324348
1423,22.89944839
1424,23.01117134
1425,23.21599579
1426,23.38358116
1427,23.49530411
1428,23.68150902
1429,23.84909248
1430,23.96081543
1431,23.97943497
1432,24.29598427
1433,24.37046623
1434,24.59391022
1435,24.74287415
1436,24.96632004
1437,24.91045952
1438,25.20838547
1439,25.39459229
1440,25.48769379
1441,25.59941673
1442,25.74838066
1443,25.89734268
1444,26.00906754
1445,26.23251152
1446,26.36285591
1447,26.51181984
1448,26.49319839
1449,26.79112625
1450,26.88422775
1451,26.94009018
1452,27.23801804
1453,27.34973907
1454,27.42422104
1455,27.57318497
1456,27.66628838
1457,27.92697525
1458,28.0386982
1459,28.22490311
1460,28.26214218
1461,28.37386703
1462,28.48558807
1463,28.67179298
1464,28.80213547
1465,28.87661743
1466,29.02558136
1467,29.15592575
1468,29.28627014
1469,29.39799118
1470,29.49109268
1471,29.52833557
1472,29.71453857
1473,29.88212395
1474,29.95660591
1475,30.08694839
1476,30.19867134
1477,30.38487625
1478,30.45935822
1479,30.53384018
1480,30.64556313
1481,30.73866653
1482,30.90625
1483,30.98073196
1484,31.092453
1485,31.18555641
1486,31.29727936
1487,31.37176132
1488,31.39038086
1489,31.68830872
1490,31.80003166
1491,31.83727264
1492,31.98623657
1493,32.06071854
1494,32.1352005
1495,32.30278397
1496,32.35864639
1497,32.37726593
1498,32.5448494
1499,32.65657425
1500,32.71243286
1501,32.82415771
1502,32.91725922
1503,33.04760361
1504,33.08484268
1505,33.177948
1506,33.2710495
1507,33.28966904
1508,33.42001343
1509,33.51311493
1510,33.62483978
1511,33.64345932
1512,33.73656082
1513,33.92276382
1514,33.88552475
1515,33.88552475
1516,34.07172775
1517,34.10897064
1518,34.18345261
1519,34.27655411
1520,34.27655411
1521,34.5
1522,34.53723907
1523,34.66758347
1524,34.74206543
1525,34.87240982
1526,34.83516693
1527,34.87240982
1528,35.13309479
1529,35.09585571
1530,35.13309479
1531,35.20757675
1532,35.37516022
1533,35.41240311
1534,35.59860611
1535,35.57998657
1536,35.635849
1537,35.71033096
1538,35.59860611
1539,35.822052
1540,35.97101593
1541,35.95239639
1542,35.97101593
1543,36.17584229
1544,36.10136032
1545,36.1385994
1546,36.28756714
1547,36.17584229
1548,36.34342575
1549,36.51100922
1550,36.45514679
1551,36.45514679
1552,36.69721222
1553,36.75307465
1554,36.69721222
1555,36.88341904
1556,36.88341904
1557,36.92066193
1558,36.93928146
1559,37.01376343
1560,37.12548447
1561,37.12548447
1562,37.19996643
1563,37.27444839
1564,37.31169128
1565,37.33031082
1566,37.29306793
1567,37.40479279
1568,37.42341232
1569,37.51651764
1570,37.55375671
1571,37.60961914
1572,37.68409729
1573,37.70272064
1574,37.73995972
1575,37.72134018
1576,37.87030411
1577,37.92616272
1578,38.03788757
1579,38.0006485
1580,38.0006485
1581,38.03788757
1582,38.13098907
1583,38.16823196
1584,38.26133347
1585,38.20547485
1586,38.279953
1587,38.29857636
1588,38.31719589
1589,38.46615982
1590,38.41029739
1591,38.46615982
1592,38.57788086
1593,38.57788086
1594,38.63374329
1595,38.68960571
1596,38.59650421
1597,38.61511993
1598,38.68960571
1599,38.74546814
1600,38.70822525
1601,38.85718918
1602,38.83856964
1603,38.96891022
1604,39.09925461
1605,38.98753357
1606,39.043396
1607,39.00615311
1608,39.043396
1609,39.043396
1610,39.15511703
1611,39.21097565
1612,39.19235992
1613,39.415802
1614,39.35993958
1615,39.34132004
1616,39.43442535
1617,39.35993958
1618,39.58338928
1619,39.37856293
1620,39.45304108
1621,39.49028397
1622,39.43442535
1623,39.47166443
1624,39.54614639
1625,39.69511032
1626,39.58338928
1627,39.56476593
1628,39.80683136
1629,39.65786743
1630,39.602005
1631,39.73235321
1632,39.80683136
1633,39.82545471
1634,39.93717575
1635,39.86269379
1636,39.97441864
1637,39.93717575
1638,40.03027725
1639,40.04889679
1640,40.12338257
1641,40.08613968
1642,40.365448
1643,40.34682465
1644,40.365448
1645,40.42131042
1646,40.51441193
1647,40.49578857
1648,40.551651
1649,40.58889008
1650,40.66337585
1651,40.60751343
1652,40.83095551
1653,40.86819839
1654,40.86819839
1655,40.90544128
1656,40.94268036
1657,41.12888336
1658,41.12888336
1659,41.22198868
1660,41.24060822
1661,41.33370972
1662,41.35233307
1663,41.57577515
1664,41.65026093
1665,41.61301804
1666,41.70611954
1667,41.79922485
1668,41.89232636
1669,41.85508347
1670,41.98542786
1671,42.05990982
1672,42.17163086
1673,42.13439178
1674,42.30197525
1675,42.41369629
1676,42.46955872
1677,42.50679779
1678,42.54404068
1679,42.50679779
1680,42.61852264
1681,42.71162415
1682,42.78610992
1683,42.84196854
1684,42.89783096
1685,42.97231293
1686,43.1026535
1687,43.25161743
1688,43.23299789
1689,43.30747986
1690,43.40058136
1691,43.41920471
1692,43.47506714
1693,43.60540771
1694,43.69850922
1695,43.69850922
1696,43.75437164
1697,43.90333557
1698,43.81023407
1699,43.90333557
1700,43.99643707
1701,44.10816193
1702,44.12678146
1703,44.25712585
1704,44.21988297
1705,44.25712585
1706,44.35022736
1707,44.29436493
1708,44.42470551
1709,44.49919128
1710,44.59229279
1711,44.59229279
1712,44.59229279
1713,44.72263336
1714,44.77849579
1715,44.77849579
1716,44.81573868
1717,44.83435822
1718,44.87159729
1719,44.96470261
1720,44.94608307
1721,45.1881485
1722,45.095047
1723,45.16952515
1724,45.28125
1725,45.1881485
1726,45.16952515
1727,45.28125
1728,45.31848907
1729,45.28125
1730,45.43021393
1731,45.52331543
1732,45.50469589
1733,45.52331543
1734,45.5605545
1735,45.63504028
1736,45.5605545
1737,45.67227936
1738,45.57917786
1739,45.65365982
1740,45.65365982
1741,45.80262375
1742,45.72814178
1743,45.80262375
1744,45.70951843
1745,45.91434479
1746,45.85848236
1747,45.95158386
1748,45.97020721
1749,46.00744629
1750,45.97020721
1751,46.11917114
1752,46.13779068
1753,46.10054779
1754,46.08193207
1755,46.13779068
1756,46.10054779
1757,46.04468918
1758,46.08193207
1759,46.26813507
1760,46.10054779
1761,46.230896
1762,46.11917114
1763,46.13779068
1764,46.230896
1765,46.08193207
1766,46.26813507
1767,46.19365311
1768,46.30537415
1769,46.26813507
1770,46.26813507
1771,46.21227264
1772,46.36123657
1773,46.34261703
1774,46.34261703
1775,46.26813507
1776,46.30537415
1777,46.49158096
1778,46.417099
1779,46.45433807
1780,46.49158096
1781,46.43571854
1782,46.52882385
1783,46.49158096
1784,46.52882385
1785,46.603302
1786,46.65916443
1787,46.789505
1788,46.77088928
1789,46.75226593
1790,46.71502686
1791,46.97571182
1792,46.84536743
1793,46.82674789
1794,46.80812836
1795,46.90122986
1796,46.91985321
1797,47.08743286
1798,46.99433136
1799,47.12467575
1800,47.08743286
1801,47.21778107
1802,47.21778107
1803,47.21778107
1804,47.32949829
1805,47.29225922
1806,47.32949829
1807,47.34812164
1808,47.49708557
1809,47.552948
1810,47.4598465
1811,47.44122314
1812,47.59018707
1813,47.552948
1814,47.81363297
1815,47.62742615
1816,47.66466904
1817,47.79501343
1818,47.72053146
1819,47.81363297
1820,47.90673828
1821,48.03707886
1822,47.94397736
1823,47.99983978
1824,47.99983978
1825,48.03707886
1826,48.14880371
1827,48.11156082
1828,47.99983978
1829,48.07431793
1830,48.05569839
1831,48.07431793
1832,48.26052475
1833,48.18604279
1834,48.18604279
1835,48.09294128
1836,48.14880371
1837,48.18604279
1838,48.22328186
1839,48.27914429
1840,48.26052475
1841,48.16741943
1842,48.33500671
1843,48.31638336
1844,48.37224579
1845,48.39086914
1846,48.40948868
1847,48.46534729
1848,48.53983307
1849,48.53983307
1850,48.53983307
1851,48.688797
1852,48.70741653
1853,48.688797
1854,48.72603607
1855,48.7818985
1856,48.81913757
1857,48.80051804
1858,48.93086243
1859,48.89361954
1860,48.94948196
1861,48.9681015
1862,49.02396393
1863,49.02396393
1864,49.061203
1865,49.09844589
1866,49.061203
1867,49.17292786
1868,49.21016693
1869,49.24740982
1870,49.13568878
1871,49.1543045
1872,49.21016693
1873,49.26602936
1874,49.19154739
1875,49.32189178
1876,49.24740982
1877,49.34051132
1878,49.35913086
1879,49.43361664
1880,49.34051132
1881,49.45223236
1882,49.35913086
1883,49.47085571
1884,49.41499329
1885,49.39637375
1886,49.47085571
1887,49.54533386
1888,49.61981964
1889,49.45223236
1890,49.35913086
1891,49.37775421
1892,49.47085571
1893,49.52671814
1894,49.58257675
1895,49.60119629
1896,49.52671814
1897,49.65705872
1898,49.52671814
1899,49.58257675
1900,49.60119629
1901,49.67568207
1902,49.60119629
1903,49.52671814
1904,49.61981964
1905,49.56395721
1906,49.47085571
1907,49.63843918
1908,49.50809479
1909,49.41499329
1910,49.60119629
1911,49.61981964
1912,49.61981964
1913,49.52671814
1914,49.56395721
1915,49.56395721
1916,49.50809479
1917,49.41499329
1918,49.48947525
1919,49.50809479
1920,49.50809479
1921,49.47085571
1922,49.50809479
1923,49.58257675
1924,49.47085571
1925,49.43361664
1926,49.43361664
1927,49.60119629
1928,49.41499329
1929,49.52671814
1930,49.43361664
1931,49.41499329
1932,49.43361664
1933,49.39637375
1934,49.37775421
1935,49.34051132
1936,49.37775421
1937,49.37775421
1938,49.35913086
1939,49.35913086
1940,49.22879028
1941,49.24740982
1942,49.30326843
1943,49.22879028
1944,49.19154739
1945,49.17292786
1946,49.17292786
1947,49.19154739
1948,49.21016693
1949,49.22879028
1950,49.24740982
1951,49.19154739
1952,49.19154739
1953,49.19154739
1954,49.19154739
1955,49.21016693
1956,49.11706543
1957,49.22879028
1958,49.13568878
1959,49.13568878
1960,49.1543045
1961,49.17292786
1962,49.09844589
1963,49.07982636
1964,48.98672485
1965,49.04258347
1966,49.13568878
1967,49.061203
1968,49.17292786
1969,49.07982636
1970,49.061203
1971,49.13568878
1972,49.1543045
1973,49.21016693
1974,49.11706543
1975,49.09844589
1976,49.21016693
1977,49.1543045
1978,49.19154739
1979,49.21016693
1980,49.26602936
1981,49.22879028
1982,49.26602936
1983,49.22879028
1984,49.32189178
1985,49.34051132
1986,49.26602936
1987,49.30326843
1988,49.47085571
1989,49.39637375
1990,49.39637375
1991,49.50809479
1992,49.58257675
1993,49.50809479
1994,49.50809479
1995,49.48947525
1996,49.61981964
1997,49.63843918
1998,49.71292114
1999,49.63843918
2000,49.824646
2001,49.84326172
2002,49.88050461
2003,49.88050461
2004,49.9177475
2005,49.80602264
2006,49.84326172
2007,49.97360992
2008,50.02946854
2009,50.02946854
2010,49.99222565
2011,50.08533096
2012,50.12257385
2013,50.17843246
2014,50.15981293
2015,50.21567535
2016,50.2901535
2017,50.34601593
2018,50.30877686
2019,50.21567535
2020,50.40187836
2021,50.36463928
2022,50.43911743
2023,50.42049789
2024,50.51360321
2025,50.43911743
2026,50.43911743
2027,50.43911743
2028,50.36463928
2029,50.58808136
2030,50.56946182
2031,50.56946182
2032,50.58808136
2033,50.58808136
2034,50.55084229
2035,50.64394379
2036,50.64394379
2037,50.60670471
2038,50.73704529
2039,50.69980621
2040,50.55084229
2041,50.71842575
2042,50.77428818
2043,50.77428818
2044,50.62532425
2045,50.68118286
2046,50.75566864
2047,50.68118286
2048,50.71842575
2049,50.77428818
2050,50.73704529
2051,50.73704529
2052,50.77428818
2053,50.75566864
2054,50.75566864
2055,50.79290771
2056,50.71842575
2057,50.66256714
2058,50.71842575
2059,50.77428818
2060,50.69980621
2061,50.66256714
2062,50.69980621
2063,50.83014679
2064,50.75566864
2065,50.66256714
2066,50.75566864
2067,50.83014679
2068,50.79290771
2069,50.71842575
2070,50.77428818
2071,50.73704529
2072,50.68118286
2073,50.90463257
2074,50.90463257
2075,50.79290771
2076,50.79290771
2077,50.84877014
2078,50.92325211
2079,50.86738968
2080,50.94187164
2081,50.79290771
2082,50.92325211
2083,50.86738968
2084,50.99773407
2085,51.01635361
2086,51.01635361
2087,51.07221222
2088,51.07221222
2089,51.01635361
2090,51.10945511
2091,51.12807465
2092,51.146698
2093,51.10945511
2094,51.22117615
2095,51.16531754
2096,51.25841904
2097,51.22117615
2098,51.2397995
2099,51.29566193
2100,51.29566193
2101,51.35152435
2102,51.4260025
2103,51.38876343
2104,51.35152435
2105,51.2397995
2106,51.46324539
2107,51.37014008
2108,51.38876343
2109,51.64945221
2110,51.4260025
2111,51.44462585
2112,51.48186493
2113,51.57496643
2114,51.46324539
2115,51.53772736
2116,51.64945221
2117,51.57496643
2118,51.63082886
2119,51.61220932
2120,51.66806793
2121,51.74255371
2122,51.77979279
2123,51.70531082
2124,51.66806793
2125,51.68669128
2126,51.77979279
2127,51.68669128
2128,51.72393036
2129,51.68669128
2130,51.72393036
2131,51.79841232
2132,51.76116943
2133,51.77979279
2134,51.79841232
2135,51.83565521
2136,51.79841232
2137,51.81703186
2138,51.87289429
2139,51.85427475
2140,51.74255371
2141,51.66806793
2142,51.92875671
2143,51.72393036
2144,51.91013336
2145,51.64945221
2146,51.64945221
2147,51.68669128
2148,51.66806793
2149,51.70531082
2150,51.519104
2151,51.68669128
2152,51.66806793
2153,51.55634689
2154,51.50048828
2155,51.53772736
2156,51.519104
2157,51.50048828
2158,51.46324539
2159,51.46324539
2160,51.50048828
2161,51.44462585
2162,51.37014008
2163,51.48186493
2164,51.37014008
2165,51.44462585
2166,51.38876343
2167,51.44462585
2168,51.4260025
2169,51.46324539
2170,51.46324539
2171,51.40738297
2172,51.4260025
2173,51.50048828
2174,51.44462585
2175,51.38876343
2176,51.332901
2177,51.44462585
2178,51.44462585
2179,51.4260025
2180,51.55634689
2181,51.38876343
2182,51.44462585
2183,51.37014008
2184,51.38876343
2185,51.35152435
2186,51.37014008
2187,51.2397995
2188,51.31428146
2189,51.25841904
2190,51.332901
2191,51.18393707
2192,51.146698
2193,51.22117615
2194,51.27703857
2195,51.29566193
2196,51.18393707
2197,51.2397995
2198,51.332901
2199,51.2397995
2200,51.332901
2201,51.22117615
2202,51.35152435
2203,51.25841904
2204,51.37014008
2205,51.29566193
2206,51.25841904
2207,51.27703857
2208,51.2397995
2209,51.31428146
2210,51.332901
2211,51.27703857
2212,51.25841904
2213,51.332901
2214,51.35152435
2215,51.29566193
2216,51.31428146
2217,51.29566193
2218,51.29566193
2219,51.2397995
2220,51.22117615
2221,51.22117615
2222,51.27703857
2223,51.22117615
2224,51.22117615
2225,51.27703857
2226,51.25841904
2227,51.332901
2228,51.25841904
2229,51.16531754
2230,51.25841904
2231,51.25841904
2232,51.20256042
2233,51.146698
2234,51.146698
2235,51.20256042
2236,51.27703857
2237,51.332901
2238,51.2397995
2239,51.38876343
2240,51.25841904
2241,51.31428146
2242,51.37014008
2243,51.332901
2244,51.46324539
2245,51.37014008
2246,51.40738297
2247,51.50048828
2248,51.48186493
2249,51.46324539
2250,51.44462585
2251,51.53772736
2252,51.59358978
2253,51.66806793
2254,51.68669128
2255,51.63082886
2256,51.68669128
2257,51.74255371
2258,51.77979279
2259,51.76116943
2260,51.89151764
2261,51.92875671
2262,52.05909729
2263,51.96599579
2264,51.89151764
2265,51.98461914
2266,51.94737625
2267,52.07772064
2268,52.11495972
2269,52.17082214
2270,52.20806122
2271,52.20806122
2272,52.17082214
2273,52.09634018
2274,52.11495972
2275,52.17082214
2276,52.282547
2277,52.05909729
2278,52.05909729
2279,52.07772064
2280,52.15220261
2281,52.15220261
2282,52.11495972
2283,52.24530792
2284,52.1894455
2285,52.22668457
2286,52.1894455
2287,52.13358307
2288,52.15220261
2289,52.24530792
2290,52.282547
2291,52.22668457
2292,52.22668457
2293,52.20806122
2294,52.282547
2295,52.20806122
2296,52.17082214
2297,52.05909729
2298,52.11495972
2299,52.09634018
2300,52.07772064
2301,52.04048157
2302,51.98461914
2303,52.11495972
2304,52.00323868
2305,51.92875671
2306,52.00323868
2307,52.00323868
2308,51.98461914
2309,52.04048157
2310,51.92875671
2311,51.81703186
2312,51.89151764
2313,51.83565521
2314,51.96599579
2315,51.87289429
2316,51.96599579
2317,51.89151764
2318,51.92875671
2319,51.89151764
2320,51.87289429
2321,52.04048157
2322,51.96599579
2323,51.92875671
2324,51.81703186
2325,51.85427475
2326,51.83565521
2327,51.89151764
2328,51.96599579
2329,51.83565521
2330,51.94737625
2331,51.91013336
2332,51.89151764
2333,51.83565521
2334,51.85427475
2335,51.81703186
2336,51.79841232
2337,51.81703186
2338,51.79841232
2339,51.89151764
2340,51.94737625
2341,51.91013336
2342,51.94737625
2343,51.87289429
2344,51.89151764
2345,51.96599579
2346,51.89151764
2347,52.02185822
2348,52.04048157
2349,52.05909729
2350,52.05909729
2351,52.07772064
2352,52.1894455
2353,52.1894455
2354,52.22668457
2355,52.33840942
2356,52.282547
2357,52.43151093
2358,52.33840942
2359,52.48737335
2360,52.41288757
2361,52.48737335
2362,52.46875
2363,52.52461243
2364,52.48737335
2365,52.54322815
2366,52.50598907
2367,52.58047485
2368,52.67357636
2369,52.61771393
2370,52.69219208
2371,52.67357636
2372,52.61771393
2373,52.69219208
2374,52.7480545
2375,52.71081543
2376,52.69219208
2377,52.63633728
2378,52.61771393
2379,52.59909058
2380,52.58047485
2381,52.61771393
2382,52.654953
2383,52.72943878
2384,52.63633728
2385,52.5618515
2386,52.50598907
2387,52.654953
2388,52.654953
2389,52.58047485
2390,52.67357636
2391,52.78530121
2392,52.67357636
2393,52.67357636
2394,52.67357636
2395,52.54322815
2396,52.63633728
2397,52.654953
2398,52.54322815
2399,52.59909058
2400,52.54322815
2401,52.72943878
2402,52.71081543
2403,52.43151093
2404,52.67357636
2405,52.58047485
2406,52.63633728
2407,52.61771393
2408,52.58047485
2409,52.45012665
2410,52.58047485
2411,52.63633728
2412,52.59909058
2413,52.59909058
2414,52.5618515
2415,52.5618515
2416,52.58047485
2417,52.63633728
2418,52.61771393
2419,52.61771393
2420,52.67357636
2421,52.654953
2422,52.7480545
2423,52.7480545
2424,52.84115601
2425,52.63633728
2426,52.63633728
2427,52.82254028
2428,52.52461243
2429,52.80391693
2430,52.654953
2431,52.72943878
2432,52.59909058
2433,52.69219208
2434,52.76667786
2435,52.67357636
2436,52.85977936
2437,52.7480545
2438,52.84115601
2439,52.76667786
2440,52.78530121
2441,52.71081543
2442,52.59909058
2443,52.84115601
2444,52.80391693
2445,52.85977936
2446,52.91564178
2447,52.97150421
2448,52.89701843
2449,52.91564178
2450,53.02736664
2451,52.85977936
2452,52.89701843
2453,52.99011993
2454,53.04598236
2455,53.06460571
2456,53.10184479
2457,53.06460571
2458,53.08322906
2459,53.15770721
2460,53.13908386
2461,53.21356964
2462,53.23218536
2463,53.25080872
2464,53.19494629
2465,53.23218536
2466,53.25080872
2467,53.23218536
2468,53.26943207
2469,53.21356964
2470,53.13908386
2471,53.39977264
2472,53.17633057
2473,53.23218536
2474,53.36253357
2475,53.34391022
2476,53.38114929
2477,53.25080872
2478,53.28804779
2479,53.26943207
2480,53.28804779
2481,53.23218536
2482,53.30667114
2483,53.32529449
2484,53.10184479
2485,53.25080872
2486,53.13908386
2487,53.21356964
2488,53.08322906
2489,53.10184479
2490,53.08322906
2491,53.08322906
2492,53.00874329
2493,53.04598236
2494,53.12046814
2495,53.04598236
2496,53.02736664
2497,53.02736664
2498,52.99011993
2499,52.93426514
2500,52.99011993
2501,52.87840271
2502,52.78530121
2503,52.85977936
2504,52.91564178
2505,52.76667786
2506,52.89701843
2507,52.76667786
2508,52.78530121
2509,52.82254028
2510,52.72943878
2511,52.72943878
2512,52.72943878
2513,52.7480545
2514,52.72943878
2515,52.7480545
2516,52.69219208
2517,52.71081543
2518,52.7480545
2519,52.71081543
2520,52.67357636
2521,52.61771393
2522,52.72943878
2523,52.78530121
2524,52.69219208
2525,52.78530121
2526,52.80391693
2527,52.82254028
2528,52.85977936
2529,52.93426514
2530,53.00874329
2531,52.97150421
2532,52.97150421
2533,52.89701843
2534,53.06460571
2535,53.06460571
2536,52.99011993
2537,53.15770721
2538,53.13908386
2539,53.28804779
2540,53.19494629
2541,53.28804779
2542,53.30667114
2543,53.28804779
2544,53.34391022
2545,53.25080872
2546,53.36253357
2547,53.418396
2548,53.39977264
2549,53.36253357
2550,53.43701172
2551,53.43701172
2552,53.43701172
2553,53.38114929
2554,53.45563507
2555,53.56735992
2556,53.39977264
2557,53.5114975
2558,53.45563507
2559,53.64183807
2560,53.54873657
2561,53.418396
2562,53.38114929
2563,53.56735992
2564,53.54873657
2565,53.58597565
2566,53.54873657
2567,53.56735992
2568,53.54873657
2569,53.604599
2570,53.45563507
2571,53.62322235
2572,53.58597565
2573,53.56735992
2574,53.39977264
2575,53.6977005
2576,53.58597565
2577,53.53011322
2578,53.66046143
2579,53.58597565
2580,53.56735992
2581,53.67907715
2582,53.6977005
2583,53.64183807
2584,53.71632385
2585,53.86528778
2586,53.80942535
2587,53.6977005
2588,53.90252686
2589,53.82804108
2590,53.790802
2591,54.01425171
2592,53.92114258
2593,53.8839035
2594,53.977005
2595,54.05149078
2596,53.99562836
2597,54.14459229
2598,53.95838928
2599,54.14459229
2600,54.08872986
2601,54.03286743
2602,54.05149078
2603,54.14459229
2604,54.16321564
2605,54.21907043
2606,54.20045471
2607,54.14459229
2608,54.20045471
2609,54.21907043
2610,54.10735321
2611,54.16321564
2612,54.07010651
2613,54.14459229
2614,54.10735321
2615,54.25631714
2616,54.18183136
2617,54.16321564
2618,54.18183136
2619,54.14459229
2620,54.10735321
2621,54.01425171
2622,54.12596893
2623,53.99562836
2624,54.07010651
2625,53.977005
2626,54.03286743
2627,53.99562836
2628,54.07010651
2629,53.90252686
2630,53.95838928
2631,54.03286743
2632,54.10735321
2633,53.95838928
2634,53.95838928
2635,53.86528778
2636,53.93976593
2637,53.8839035
2638,53.92114258
2639,53.92114258
2640,53.92114258
2641,53.80942535
2642,53.90252686
2643,53.82804108
2644,53.86528778
2645,53.90252686
2646,53.790802
2647,53.90252686
2648,53.84666443
2649,53.90252686
2650,53.84666443
2651,53.80942535
2652,53.84666443
2653,53.80942535
2654,53.90252686
2655,53.86528778
2656,53.75356293
2657,53.82804108
2658,53.82804108
2659,53.84666443
2660,53.86528778
2661,53.790802
2662,53.75356293
2663,53.71632385
2664,53.90252686
2665,53.77218628
2666,53.80942535
2667,53.80942535
2668,53.80942535
2669,53.82804108
2670,53.77218628
2671,53.790802
2672,53.67907715
2673,53.75356293
2674,53.53011322
2675,53.604599
2676,53.5114975
2677,53.604599
2678,53.53011322
2679,53.58597565
2680,53.43701172
2681,53.34391022
2682,53.418396
2683,53.418396
2684,53.38114929
2685,53.30667114
2686,53.19494629
2687,53.26943207
2688,53.10184479
2689,53.12046814
2690,53.02736664
2691,53.02736664
2692,52.95288086
2693,52.87840271
2694,52.99011993
2695,53.02736664
2696,53.04598236
2697,52.99011993
2698,52.84115601
2699,52.82254028
2700,52.654953
2701,52.78530121
2702,52.61771393
2703,52.5618515
2704,52.5618515
2705,52.54322815
2706,52.5618515
2707,52.50598907
2708,52.282547
2709,52.58047485
2710,52.33840942
2711,52.43151093
2712,52.43151093
2713,52.3756485
2714,52.30116272
2715,52.20806122
2716,52.31978607
2717,52.22668457
2718,52.33840942
2719,52.17082214
2720,52.17082214
2721,52.282547
2722,52.20806122
2723,52.09634018
2724,52.15220261
2725,52.17082214
2726,52.09634018
2727,52.09634018
2728,52.09634018
2729,52.04048157
2730,51.94737625
2731,52.13358307
2732,51.96599579
2733,52.04048157
2734,51.89151764
2735,52.02185822
2736,52.05909729
2737,51.87289429
2738,52.00323868
2739,51.83565521
2740,51.64945221
2741,51.77979279
2742,51.79841232
2743,51.91013336
2744,51.76116943
2745,51.87289429
2746,51.70531082
2747,51.66806793
2748,51.70531082
2749,51.66806793
2750,51.64945221
2751,51.64945221
2752,51.72393036
2753,51.61220932
2754,51.64945221
2755,51.59358978
2756,51.61220932
2757,51.59358978
2758,51.70531082
2759,51.59358978
2760,51.55634689
2761,51.72393036
2762,51.50048828
2763,51.53772736
2764,51.48186493
2765,51.48186493
2766,51.519104
2767,51.53772736
2768,51.48186493
2769,51.40738297
2770,51.519104
2771,51.4260025
2772,51.44462585
2773,51.519104
2774,51.48186493
2775,51.46324539
2776,51.46324539
2777,51.50048828
2778,51.40738297
2779,51.4260025
2780,51.519104
2781,51.4260025
2782,51.48186493
2783,51.50048828
2784,51.50048828
2785,51.38876343
2786,51.46324539
2787,51.40738297
2788,51.40738297
2789,51.46324539
2790,51.40738297
2791,51.44462585
2792,51.44462585
2793,51.44462585
2794,51.44462585
2795,51.48186493
2796,51.519104
2797,51.55634689
2798,51.57496643
2799,51.44462585
2800,51.48186493
2801,51.55634689
2802,51.4260025
2803,51.48186493
2804,51.31428146
2805,51.50048828
2806,51.55634689
2807,51.50048828
2808,51.46324539
2809,51.44462585
2810,51.50048828
2811,51.40738297
2812,51.46324539
2813,51.38876343
2814,51.519104
2815,51.44462585
2816,51.40738297
2817,51.519104
2818,51.48186493
2819,51.44462585
2820,51.50048828
2821,51.61220932
2822,51.48186493
2823,51.53772736
2824,51.55634689
2825,51.59358978
2826,51.53772736
2827,51.61220932
2828,51.72393036
2829,51.63082886
2830,51.66806793
2831,51.72393036
2832,51.66806793
2833,51.64945221
2834,51.59358978
2835,51.61220932
2836,51.76116943
2837,51.74255371
2838,51.66806793
2839,51.68669128
2840,51.79841232
2841,51.66806793
2842,51.77979279
2843,51.83565521
2844,51.87289429
2845,51.85427475
2846,51.91013336
2847,51.76116943
2848,51.85427475
2849,51.92875671
2850,51.92875671
2851,51.92875671
2852,51.89151764
2853,51.91013336
2854,51.81703186
2855,51.91013336
2856,51.89151764
2857,51.94737625
2858,51.83565521
2859,51.85427475
2860,51.76116943
2861,51.79841232
2862,51.74255371
2863,51.76116943
2864,51.83565521
2865,51.85427475
2866,51.79841232
2867,51.74255371
2868,51.74255371
2869,51.81703186
2870,51.83565521
2871,51.85427475
2872,51.70531082
2873,51.79841232
2874,51.72393036
2875,51.66806793
2876,51.74255371
2877,51.76116943
2878,51.77979279
2879,51.72393036
2880,51.77979279
2881,51.79841232
2882,51.77979279
2883,51.72393036
2884,51.74255371
2885,51.92875671
2886,51.92875671
2887,51.83565521
2888,51.83565521
2889,51.81703186
2890,51.66806793
2891,51.63082886
2892,51.59358978
2893,51.64945221
2894,51.61220932
2895,51.59358978
2896,51.64945221
2897,51.57496643
2898,51.53772736
2899,51.53772736
2900,51.66806793
2901,51.48186493
2902,51.4260025
2903,51.48186493
2904,51.38876343
2905,51.4260025
2906,51.31428146
2907,51.332901
2908,51.31428146
2909,51.44462585
2910,51.37014008
2911,51.2397995
2912,51.37014008
2913,51.35152435
2914,51.25841904
2915,51.2397995
2916,51.25841904
2917,51.146698
2918,51.2397995
2919,51.16531754
2920,51.25841904
2921,51.18393707
2922,51.18393707
2923,51.22117615
2924,51.146698
2925,51.146698
2926,51.18393707
2927,51.31428146
2928,51.10945511
2929,51.12807465
2930,51.18393707
2931,51.146698
2932,51.12807465
2933,51.146698
2934,51.0535965
2935,51.09083557
2936,50.960495
2937,50.88600922
2938,50.77428818
2939,50.88600922
2940,50.77428818
2941,50.81153107
2942,50.66256714
2943,50.53221893
2944,50.47636032
2945,50.383255
2946,50.15981293
2947,50.1039505
2948,50.04808807
2949,49.97360992
2950,49.95498657
2951,49.93636703
2952,49.89912415
2953,49.80602264
2954,49.75016022
2955,49.61981964
2956,49.56395721
2957,49.43361664
2958,49.35913086
2959,49.37775421
2960,49.39637375
2961,49.41499329
2962,49.24740982
2963,49.26602936
2964,49.1543045
2965,49.21016693
2966,49.22879028
2967,49.17292786
2968,49.1543045
2969,49.1543045
2970,48.72603607
2971,48.875
2972,48.85637665
2973,48.83776093
2974,48.91223907
2975,48.72603607
2976,48.80051804
2977,48.70741653
2978,48.61431122
2979,48.63293457
2980,48.5956955
2981,48.52120972
2982,48.61431122
2983,48.50259018
2984,48.53983307
2985,48.55845261
2986,48.57707214
2987,48.65155411
2988,48.5956955
2989,48.65155411
2990,48.61431122
2991,48.5956955
2992,48.5956955
2993,48.57707214
2994,48.53983307
2995,48.55845261
2996,48.57707214
2997,48.5956955
2998,48.5956955
2999,48.55845261
3000,48.63293457
3001,48.61431122
3002,48.55845261
3003,48.55845261
3004,48.52120972
3005,48.688797
3006,48.57707214
3007,48.61431122
3008,48.5956955
3009,48.52120972
3010,48.61431122
3011,48.5956955
3012,48.688797
3013,48.55845261
3014,48.63293457
3015,48.67017365
3016,48.70741653
3017,48.81913757
3018,48.65155411
3019,48.57707214
3020,48.52120972
3021,48.61431122
3022,48.57707214
3023,48.48397064
3024,48.52120972
3025,48.50259018
3026,48.50259018
3027,48.53983307
3028,48.53983307
3029,48.61431122
3030,48.57707214
3031,48.53983307
3032,48.50259018
3033,48.53983307
3034,48.48397064
3035,48.42810822
3036,48.20466232
3037,48.09294128
3038,47.75777435
3039,47.34812164
3040,47.66466904
3041,47.27363968
3042,47.21778107
3043,47.40398407
3044,47.14329529
3045,46.84536743
3046,46.5102005
3047,45.70951843
3048,45.50469589
3049,45.22538757
3050,45.02056122
3051,44.68539429
3052,44.62953186
3053,44.53643036
3054,44.16402435
3055,44.36884689
3056,44.08953857
3057,43.79161072
3058,43.30747986
3059,43.28886032
3060,43.34471893
3061,43.23299789
3062,42.43231964
3063,42.67438507
3064,42.80472565
3065,42.35783386
3066,42.52542114
3067,42.43231964
3068,42.17163086
3069,41.873703
3070,41.873703
3071,41.51991272
3072,41.20336914
3073,41.35233307
3074,41.4081955
3075,41.16612625
3076,41.14750671
3077,41.29647064
3078,41.12888336
3079,41.05440521
3080,40.94268036
3081,40.66337585
3082,40.737854
3083,40.49578857
3084,40.40268707
3085,40.30958557
3086,40.29096222
3087,39.89993286
3088,39.56476593
3089,39.54614639
3090,39.54614639
3091,39.54614639
3092,39.39718246
3093,39.26683807
3094,39.11787415
3095,39.1364975
3096,38.96891022
3097,38.83856964
3098,38.59650421
3099,38.279953
3100,37.94478607
3101,38.11236954
3102,38.01926804
3103,37.83306122
3104,37.51651764
3105,37.18134689
3106,37.18134689
3107,37.03238297
3108,36.38066864
3109,36.45514679
3110,35.98963547
3111,35.65446854
3112,35.59860611
3113,35.41240311
3114,35.39378357
3115,35.24481964
3116,35.05861282
3117,34.85379028
3118,34.18345261
3119,33.97862625
3120,33.75518036
3121,33.21518707
3122,33.56897736
3123,33.4572525
3124,33.49449539
3125,33.2710495
3126,33.51311493
3127,33.28966904
3128,33.23380661
3129,33.177948
3130,33.550354
3131,33.32691193
3132,33.28966904
3133,33.47587585
3134,33.43863297
3135,33.43863297
3136,33.60621643
3137,33.69931793
3138,33.64345932
3139,33.56897736
3140,33.58759689
3141,33.7737999
3142,33.4572525
3143,33.43863297
3144,32.86139679
3145,32.89863968
3146,32.48899078
3147,32.67519379
3148,32.00485611
3149,32.3214035
3150,32.414505
3151,32.61933136
3152,32.52622986
3153,32.61933136
3154,32.47036743
3155,32.63795471
3156,32.43312836
3157,31.81865311
3158,31.80003166
3159,31.91175461
3160,31.98623657
